date,AKBNK,ARCLK,ASELS,BIMAS,DOHOL,EKGYO,EREGL,FROTO,GARAN,HALKB,ISCTR,KCHOL,KOZAA,KOZAL,KRDMD,PETKM,PGSUS,SAHOL,SISE,SODA,TAVHL,TCELL,THYAO,TKFEN,TOASO,TSKB,TTKOM,TUPRS,VAKBN,YKBNK
2018-02-07 07:09:00,,,,,,,,,,,,,,,,,,,,,,,,,,,0.5797783516523192,,,
2018-02-07 07:33:00,,,,,,,,,,,,,,,,,,-0.7873963177466874,,,,,,,,,,,,
2018-02-07 08:48:00,,,0.17008058184264319,,,,,,,,,,,,,,,,,,,,,,,,,,,-0.34391410691506974
2018-02-07 08:50:00,,,0.7957803803234216,,,,,,,,,,,,,,,-0.15716579243394957,,,0.8376388877132304,,,,,,,,,
2018-02-07 08:59:00,,,,,,,,,,,,,0.5595950246626873,,,0.43449989231876396,,,,,,,,,,,,,,
2018-02-07 09:04:00,,,-0.0677954023599725,,-0.44628386617989046,,0.9091546593309623,,,,,,,,,,,,,,,,,-0.09173385829687097,,,,-0.34820260915880397,,0.9541499794334432
2018-02-07 09:05:00,,,-0.8067541958665159,,,,0.5182376799078268,,,,,,,,,,,,,,,,,-0.8901523531255087,,,,0.23169526734247303,,
2018-02-07 09:16:00,-0.3458627044152054,,,,,,,,,,0.6721495604891554,,,,-0.3774349537368782,-0.4067708641179191,-0.047713894037019866,,,,,,-0.6408137065294124,,0.7647707908876533,,0.8339723157129402,,,0.8172309144159726
2018-02-07 09:19:00,-0.8584938889316769,,,,,,,,-0.19821528072962025,,,,,,,,,,,,,,,,,,,,,-0.12231621853888908
2018-02-07 09:22:00,,,,,,,,,,,,-0.9396502279098684,,,,,,,0.20225348504856266,,,,,,,,,,,
2018-02-07 09:27:00,,,-0.4096663483454426,-0.04175530361457258,0.9162061893416018,,,,,,,,,,,,,,,,,,,,,,0.8970956157974632,,,
2018-02-07 09:28:00,,,,,,,,,,,,,,,-0.10199902863765908,,,,-0.9415095063312722,,,,,,,,,,,
2018-02-07 09:31:00,,,,,,,,,,,,,,,,,,,,,,0.2669034317401804,,,,,,,,
2018-02-07 09:32:00,,,0.8529296719562769,,,,,,,,,,,,,,,,-0.5396551611935985,-0.026421951496560236,,,,,,,,,,
2018-02-07 09:36:00,,,-0.3826333167348406,,,,,,,,,,,,,,,,0.8925940066024509,,,,,,,,,,,
2018-02-07 09:42:00,,,-0.9018188571344559,,,,,,,,,,,,,,,,,,,,,,,,,,,
2018-02-07 09:51:00,,,-0.7402756918688516,,,,,,,,,,,,,,,,,,,,,,,,,,,
2018-02-07 09:54:00,,,0.15376172007899602,,,,,,,,,,,,,,,,,,,,,,,,,,0.35557241559365926,0.6278734162857695
2018-02-07 09:59:00,,,,,,,,,,,,,,,,,,,,,,,,,,,,-0.7002563643614774,,
2018-02-07 10:00:00,,,0.32452465815851195,,,,,,,,,,,,,,,,0.5349323802563144,,,,,,,,,,,
2018-02-07 10:06:00,,,,,,,,,,,,,,,,,,,,,,,,,0.010464939315779187,-0.19126336243570696,,,,
2018-02-07 10:21:00,0.12034476983237741,,,,,0.15087629395445434,,,-0.8448293498367578,-0.4373002682695821,0.6244562393715132,0.7405427533251716,,,,,,,-0.598185487028082,0.40330682405347806,,,0.7429673739021359,0.6967093797316319,,,,,-0.7725476666573576,-0.886125402432274
2018-02-07 11:30:00,,-0.6763825635916996,,,,,,,,,,,,,,,0.6485476187898938,,,,,-0.8788515421091805,,,,,,,-0.4740506835611038,-0.5082809787817502
2018-02-07 11:52:00,,,,,,,,,,,,,,,,,,,,,,,,0.1115121947297073,,,,,,
2018-02-07 12:52:00,,,,,,,0.23419614177231107,,,,,0.07607419404940119,,,,,,-0.5841161956765843,-0.20118566084410827,-0.8489984540776561,,,-0.8548427181335849,,-0.8190220019697041,,0.8901601846316636,,,
2018-02-07 13:04:00,,,0.30534778562209663,,,,,,,,,,,,,,,,,,,,,,,,,,,
2018-02-07 13:06:00,,,,,,,,,,,,,,,,0.7014165742803835,,,,,,,,,,,,,,
2018-02-07 13:15:00,,,,,,,,,,,,,,,,,,,,,-0.4984183669210698,-0.6336007956514371,,,,,,,,
2018-02-07 13:24:00,,,,,,,,,,,,,,,,,,,,,,,,0.8616497104388399,,,,,,
2018-02-07 13:25:00,,,0.08442856150436251,,,,,,,,,,,,-0.679874127508636,,,,,,,,,,,,,,,
2018-02-07 13:35:00,,,,,,,,,,,,-0.5338716070660867,,,,,,,,,,,,,,,,,,
2018-02-07 13:42:00,,,,,,,,,,,,,,,,,,,,,,,-0.3052652328507468,,,,,,,
2018-02-07 14:00:00,,,,,,,,,,,,,,,,,,0.07921978973872945,,,,,,,,,,,,
2018-02-07 14:35:00,,,,,,0.6739884140545818,,,,,,,,,,,,,,,,,,,,,,,,
2018-02-07 14:39:00,,,,,,,,,,,,,,,,,,,0.22040799676452472,0.8496722026645704,,,,0.846088359897651,,,,,,
2018-02-07 15:18:00,,,,,,,,,,,,,0.23826709371430477,-0.718494777869537,,,,,,,,,,,,,,,,
2018-02-07 16:30:00,,,,,,,,,,,,,,0.9028411913526546,,,,,,,,,,,,,,,,
2018-02-07 16:56:00,,,,,,,-0.40135761708749285,,,,,,,,,,,,,,,,,,,,,,,
2018-02-07 17:18:00,,,0.752305049914181,,,,,,,,,,,,,,,,,,,,,,,,,,,
2018-02-07 17:20:00,,,-0.7801765993612995,,,,,,,,,,,,,,,,,,,,,,,,,,,
2018-02-07 17:49:00,,,,,,,,,,,,,,,,,,,,,,,,,,,,,,0.4383152825666816
2018-02-07 17:52:00,,,,,,,,,,,,,,,,,,,,,,,,,,,,,,-0.9099739940866265
2018-02-07 17:53:00,-0.3015433007714805,,,,,,,,,,,,,,,,,,,,,,,,,,,,,
2018-02-07 17:54:00,-0.5884048391837561,,,,,,,,,,,,,,,,,,,,,,,,,,,,,
2018-02-07 17:55:00,-0.6100324362424783,,,,,,,,,,,,,,,,,,,,,,,,,,,,,
2018-02-07 17:56:00,0.31294237947294246,,,,,,,,,,,,,,,,,,,,,,,,,,,,,
2018-02-07 17:57:00,,,,,,,,,,,,,,,,,,,,,,,,,,,,,-0.2959272932469257,-0.19803845438379453
2018-02-07 17:59:00,,,,,,,,,,,,,,,,,,,,,,,,,,,,,0.3947755476810302,
2018-02-07 18:00:00,,,,,,,,,,,,,,,,,,,,,,,,,,,,,-0.15533445600695983,
2018-02-07 18:01:00,,,,,,,,,,,,,,,,,,,,,,,,,,,,,-0.6118430269568489,
2018-02-07 18:07:00,0.8073269153763463,,,,,,,,,,,,,,,,,,,,,,,,,,,,,
2018-02-07 18:53:00,,,,,,,,,,,,,,,,,,,,,,,,,-0.5504513429271178,,,,,
2018-03-07 06:25:00,,,,,,,,,,,,,,,,,,,,,,,,,0.5232746029234288,,,,,
2018-03-07 08:25:00,,0.04528673238538605,,,,,0.1949368090709156,,,,,,,,,,,,,,,,,,,,,,,
2018-03-07 08:50:00,,,,,,,,0.639520878693862,,,,,,,,,,,,,,,,,,,,,,
2018-03-07 08:54:00,,,0.19032448438092509,,,,,,,,,,,,,,,,,,,,0.50155820282543,,-0.8146506577539352,,,,-0.3965744057438252,
2018-03-07 09:08:00,,,-0.6370718076221995,0.8554720067280448,,,,,,,,,,,,,,,,,,,,,-0.27476256978444513,,,,,
2018-03-07 09:18:00,,,-0.5268184903676312,,,,,,,,,,,,,,,,,,,,,,,,,,,
2018-03-07 09:19:00,,,,,,,,,0.42548182132223755,,,,,,,,-0.1624729552149453,,,,,,,,,,,,,
2018-03-07 09:25:00,,,0.7508300940009387,,,,,,-0.23945876831607094,,,,,,0.12333092396059397,,-0.31473892632342304,,,,,,,,,,,,,
2018-03-07 09:27:00,,,-0.021186013722894748,,,,,,,,,,,,,,,,,,,,0.3697739818882628,,,,,,,
2018-03-07 09:36:00,,,-0.04976656896241782,,,,,,,,,,,0.3957134232481556,,,,,,,,,,,-0.52684185003251,,,,,
2018-03-07 09:44:00,0.002390060258729454,,0.07968477115447237,,,-0.6094290419424304,0.38511584130798626,,-0.6841858600698434,-0.47508271798737267,-0.13813230478611804,-0.9758842826370013,,,,,,,,,,,-0.4437499014237838,,0.8325147020985524,,,,0.5158522219798969,0.44052990994035945
2018-03-07 10:41:00,-0.5130268741126303,,,,,,,,-0.9155684008562743,,,,,,,,,,,,,,,,,,,,,
2018-03-07 13:00:00,,,,,,,,,0.2591162899033832,,,,,,,,,,,,,,,,,,,,,
2018-03-07 13:16:00,,,,,,,,,,,,,,,,,,,,,,0.46410860938492604,,,,,,,,
2018-03-07 14:17:00,,,,,,,,-0.8227530791436122,,,,,,,,,,,,,,,,,-0.45668020502242834,,,,,
2018-03-07 14:32:00,,,,,,,,,,,,,,,,,,,-0.1859408881443152,,,,,,,,,,,
2018-03-07 14:46:00,,,,,,,,,,,,,,,0.5938631623334967,,,,,,,,,,,,,,,
2018-03-07 14:48:00,-0.1543669432493422,,-0.12572883869804352,0.40039936703944945,-0.8244335045084825,,,,0.7649148968601804,,,,,,,,,,0.8117087927000661,,-0.17097736512959827,0.41196279816000003,,0.481052175940222,,-0.03274042447690606,-0.1446211752935198,0.8413501415465123,,
2018-03-07 15:22:00,0.8124589456609235,,,,,,,,,,,,,,,,,,,,,,,,,,,,,
2018-03-07 15:37:00,,,,,,,,,,,,,,,,,,,,,,,,,,,,,,-0.2102405816757289
2018-03-07 15:46:00,,,,,,,,,,,,,,0.8953949583216423,,,,,,,,,,,,,,,,
2018-03-07 15:48:00,,,,,,,,,,,,,,,,,,,,,,,,,,,,,,0.06511354086782917
2018-03-07 15:49:00,,,,,,,,,,,,,,,,,,,,,,,,,,,,,,-0.664202716014622
2018-03-07 15:51:00,,,,,,,,,,,,,0.7904529603963744,,,,,,,,,,,,,,,,,
2018-03-07 15:57:00,,0.8140713096905228,,,,,,,,,,,,,,,,,,,,,,,,,,,,
2018-03-07 16:23:00,,,,,,,,0.7725699174717178,,,,,,,,,,,,,,,,,0.08959085231793984,,,,,
2018-03-07 16:31:00,,,,,,,,,,-0.027049898131334515,,,,,,,,,,,,,,,,,,,,
2018-03-07 16:45:00,-0.46951954363988013,,,,,,,,,,,,,,,,,,,,,,,,,,,,,
2018-03-07 16:47:00,,,,,,,,,,,,,,,,,,,,,,0.028773372204120573,,,,,,,,
2018-03-07 16:50:00,,,,,,,,,,,,,,,,,,,,,,0.22104379648607497,,,,,,,,
2018-03-07 16:56:00,,,,,,,,,,,,,,,,0.860590376353245,,,,,,,,,,,,,,
2018-03-07 17:07:00,,,,,,,-0.044332917618567835,,,,,,,,,,,,,,,,,,,,,,,
2018-03-07 17:08:00,,,,,,,,,,,,,,,,,,,,,,0.5618165162644713,,,,,,,,
2018-03-07 17:09:00,,,,,,,,,,,,0.23794880148098208,,,,,,,,,,,,,,,,,,
2018-03-07 17:10:00,,,,,,,,,,,,0.030840251768225135,,,,,,,,,,,,,,,,,,0.46543117620547436
2018-03-07 17:28:00,,,0.6192124461479449,,,,,,,,,,,,,,,,,,,,,,,,,,,
2018-03-07 17:33:00,,,,,,,,,0.5095398943740979,,,,,,,,,,,,,,,,,-0.19044803718246217,,,,0.159965823292183
2018-03-07 17:54:00,,,,,,,,,,,-0.7056194578656962,,,,,,,,,,,,,,,,,,,
2018-03-07 18:00:00,,,,,,,,,,,0.4756236562917546,,,,,,,,,,,,,,,,,,,0.40044749698234394
2018-03-07 18:05:00,,,,,,,,,,,,,,,,,,,,,,,,,,,,,,0.7557422975051649
2018-03-07 18:08:00,,,,,,,,,,-0.7965829389101633,,,,,,,,,,,,,,,,,,,,
2018-03-07 19:14:00,,,,,,,,,,,,,,,,-0.880573535021824,,,,,,,,,,,,,,
2018-03-07 19:19:00,,,,0.06537213519337359,,,,,,,,,,,,,,,,,,,,,,,,,,
2018-04-07 08:02:00,,,,,,,,,,,,,,,,,,,,0.22080605195027347,,,,,,,,,,
2018-04-07 08:46:00,,,,,,,,,,,,,,,,0.0292750133362647,,,,,,,,,,,,,,
2018-04-07 08:49:00,,,0.2316688822440227,,,,,,,,,,,,,,,,,,,0.9279702299022199,,,,-0.4831696382698769,,,,
2018-04-07 08:58:00,,0.32102485365426614,-0.3570195816344208,,,,-0.30533137013639666,,,,,,,,,,,,,,,,,,,,,0.05536433576048716,,
2018-04-07 09:10:00,,,,,,,,0.8423396554906866,,,,,,,,-0.6478773659250723,,,,,,-0.7143385055104507,,,0.283040238692972,0.8182578038217945,,,,
2018-04-07 09:13:00,,,0.38228720969399954,,,,,,,,,,,,,,-0.4482864301242069,,,,,,,,,,,,,
2018-04-07 09:17:00,,,,,,,,,,,,,,,,0.4956315943219747,,,,,,,,,,,,,,
2018-04-07 09:19:00,,,,,,,-0.7253220618732745,,,,,,,,-0.9679508218993516,,,,,,,,,,,,,,,
2018-04-07 09:26:00,,,-0.5076478689413906,0.5925674800219622,,,,,,,,,,,,0.32444865798334166,,,0.17591562212609757,,,-0.8405705947318998,,,,0.5047691983751266,,,,
2018-04-07 09:33:00,-0.5249978153498049,,,,,,,,0.8192028659960731,-0.5767292289628112,-0.4512033094122112,,,,,,,,,,,,,,,0.08675610462677508,,,,-0.850605309175154
2018-04-07 09:37:00,,,0.6373155246894475,,,,,,,,,,,,,,,,,,,-0.6890934740276966,,,,0.6970159370805635,,,,
2018-04-07 09:50:00,,,,,,,,,,,,,,,,0.31950147196921774,,,0.014822909024749586,,,,,,,,,,,
2018-04-07 09:53:00,-0.41839011801140535,,,,,-0.6127763402470794,-0.08263430891868051,,-0.33548077322600944,0.10779247551704318,0.03689694579152136,,,,,,,,0.28009086756604096,-0.30324061213561304,,,-0.6974207269240367,,,,,,0.8614712719422299,-0.8467751170849895
2018-04-07 10:02:00,,,,,,,,,,,,,,,,0.6837753939934645,,,,,,,,,,,,,,
2018-04-07 10:17:00,,,0.20564442249985126,,,,,,,,,,,,,,,,-0.973433576815613,,,,,,,0.8990730892405048,,,,
2018-04-07 10:25:00,,,,,,,,0.6493820862564406,,,,,,,,,,,,,,,,,-0.42798103207846716,,,,,
2018-04-07 11:03:00,,,,,,,,,,,,,,,,,,,,,,,,,,,-0.6113019822851502,,,
2018-04-07 11:13:00,,,,,,,,,,,,,,,,,,,,,,,,,,0.6976847753646951,,,,
2018-04-07 11:18:00,,,,,,,,,-0.4235827477047447,,,,,,,0.991941612649512,-0.7602380644885598,,-0.33176300375391743,-0.13068168825069715,,,-0.23911919613361388,,,,,,,
2018-04-07 11:19:00,,,,,,,,,,,,,,,,,,,,0.41872115749121064,,,,,,,,,,
2018-04-07 11:35:00,,,,,,,,,,,,,,,,,,,,,,,,,,,,,-0.07854639342175962,
2018-04-07 13:04:00,,,,,,,,,-0.17625128407428484,,,,,,,,,,,,,,,,,,,,,
2018-04-07 13:17:00,,,,,,,,,,,,,,,,0.3655918789167487,,,,,,,,,,,,,,
2018-04-07 13:18:00,,,,,,,,,,,,,,,,0.22111333166269476,,,,,,,,,,,,,,
2018-04-07 13:24:00,,,,,,,,,,,,,,,,0.7056651363561997,,,,,,,,,,,,,,
2018-04-07 14:50:00,,,,,,,,,,,,,,,,,,,,,-0.31495011612992374,,-0.28575833226010317,,,,,,,
2018-04-07 15:12:00,,,,,,,,,,-0.19447681476760148,,,,,,,,,,,,,,,,,,,,
2018-04-07 15:21:00,,,,,,,,,0.16774840256725,,,,,,,,,,,,,,,,,,,,,
2018-04-07 15:30:00,,,,,,,,,,,,,,,,,,,,,,,,,,,0.8646537903578748,,,
2018-04-07 17:02:00,,,,-0.777463884202191,,,-0.1651100770818641,,,,,,,,,0.3140952925810445,,,,0.44423904060265484,,-0.1731133591722238,,,-0.9068969068486439,,,0.4956943146926809,,
2018-04-07 17:28:00,,,,,,,,,0.25125933139041123,-0.2348921474517156,,,,,,,,,,,,,,,,,,,,
2018-04-07 17:30:00,0.9942192830620278,,,,,,,,,,,,,,,,,,,,,,,,,,,,,
2018-04-07 17:31:00,-0.2858240954249902,,,,,,,,,,,,,,,,,,,,,,,,,,,,,
2018-04-07 18:11:00,,,,,,,,,-0.6882167603761578,,,,,,,,,,,,,,,,,,,,,
2018-04-07 19:43:00,,,,,,,0.3980352418342954,,,,,,,,,,,,,,,,,,,,,,,
2018-05-07 07:23:00,,,0.9677536751337613,,,,,,,,,,,,,,,,,,,,,,,,,,,
2018-05-07 08:50:00,,-0.6445654925015774,,,,,,,,0.8124325039293305,,,,,,,,,,,,,,,,,,,,
2018-05-07 09:01:00,,,,0.4635026712452206,,,,,,,,,,,,,,,,,,,,,,,,,,
2018-05-07 09:03:00,,,,,,,,,0.9154109610651087,,-0.6742396899781122,,,,,,-0.5833487380271398,,,,,,,,,,,,,
2018-05-07 09:06:00,,,,,,,,,,,,,,,,,,,,,,,,,,,-0.4330161547251483,,,
2018-05-07 09:16:00,,,,,,,,,-0.41496972874558713,,,,,,,,,,,,,,,,,,,,,
2018-05-07 09:18:00,,,,,,,,,,,,,,,,,,,,,,,,,,,0.7686299034616717,,,
2018-05-07 09:23:00,,,-0.8861974211522443,,,,,,,,-0.6281513153382698,,,,-0.521351747263259,,-0.7737892284051511,,,,,,,,,,,,,
2018-05-07 09:24:00,,,0.20358752673941005,,,,,,,,-0.20955160793255345,,,,-0.09844159905485439,,-0.2510565819262185,,,,,,,,,,,,,
2018-05-07 09:48:00,-0.6630553700556798,,-0.926749795253256,,,-0.9454781451687104,,,0.6313026840779701,0.15179084190447667,0.9970827454866129,,,,,,,,,,,-0.2295636747771419,0.691562809053615,0.4759844213816731,,,,,0.25673878461165,-0.6368115061617865
2018-05-07 09:51:00,,,0.7702739217403114,,,,,,,,,,,,,,,0.7516176702363919,,,,,,,,,,,,
2018-05-07 09:58:00,,,,,,,,,,,,,,,,,,,,,,,,,,,,,,-0.9658925302683041
2018-05-07 10:00:00,,,0.8644227776813171,-0.3060459908324389,,,,,,,-0.864121269721573,,,,,0.9803695613705157,,,,-0.07345082188307672,,,,,,,,-0.31302128106025884,,
2018-05-07 10:03:00,,,,,,0.494649502289336,,,,,,,,,,,,,,,,,,,,,,,,
2018-05-07 10:04:00,,,,,,-0.9335203030845263,,,,,,,,,,,,,,,,,,,,,,,,
2018-05-07 10:14:00,0.8106033908255355,,,,,,,,,,,,,,0.8689415299508778,,,,,,,,,,,,0.32905123900021094,0.4045796228587428,,
2018-05-07 10:23:00,,,,,,,,,,,,,,,,,,,,,-0.06092144746676398,,,,,,,,,
2018-05-07 10:24:00,,,,,,,,,,,,,,,,,,,,,-0.41572968087079554,,,,,,,,,
2018-05-07 10:45:00,,,,,,,,,,,,,,,,,-0.5065017298947279,,,,0.19551511064728588,,-0.3015228395973384,,,,,,,
2018-05-07 10:48:00,-0.15006926834612444,,,,,,,,,,,,,,,,,,,,,,,,,,,,,0.12525482047907355
2018-05-07 10:49:00,,,,,,,-0.06924357334456288,,,,,,,,0.47656882170204007,,,,,,,,,,,,,,,
2018-05-07 11:25:00,,,,,,,,0.8517655572355545,,,,,,,,,,,,,,,,,,,,,,
2018-05-07 11:31:00,,,-0.8767042824463129,,,,,,,,,,,,,,,,,,,,,,,,,,,
2018-05-07 11:36:00,,,-0.12474179147301823,,,,,,,,,,,,,,,,-0.19787110326646218,,,,,,,,,,,
2018-05-07 11:55:00,,,,,,,,,,,,,,,,,,,,,0.19500191738996464,,,,,,,,,
2018-05-07 12:41:00,-0.9011470785614928,,,,,,,,-0.10162638402855073,-0.8894022402324804,0.4337205427015256,,,,,,,,,,,,,,,,,,,-0.4595982868550714
2018-05-07 12:54:00,,,-0.6439060110231904,0.7012489824687189,,-0.7428274642394468,0.1624635687991205,,0.9685818329861211,,0.7881542647636004,-0.6112272258573059,0.4631412371358068,0.5683187064437332,0.8737466428596936,0.10066478828924397,,,,0.21611388612692584,,-0.00180682927910647,-0.4143040672912397,,,,-0.7328688853176335,0.18070052613196252,,
2018-05-07 12:59:00,0.5616228833616155,,,,,,-0.7283377253150842,,,,,,,,-0.16612358581577213,,,,,,,,-0.44772693035375744,,,0.6824536410703446,0.5159416193249471,,,
2018-05-07 13:06:00,,,,,,,,,,,,,,,,,,,,,,,-0.351345932567684,,,,,,,
2018-05-07 13:16:00,,,,,,,,,,,,,,,,,,,,,,,0.2354157145423803,,,,,,,
2018-05-07 13:29:00,,,,,,,,,,,,,,,,,,,,,0.04206980569068142,,,,,,,,,
2018-05-07 13:59:00,,,,,,,0.4722994714480979,,,,,,,,,,,,,,,,,,,,,,,
2018-05-07 14:12:00,,,,,,,,,,,,,,,,,,,,,,,,,,,0.5347268071558708,,,
2018-05-07 14:17:00,,,,,,,,,,,,,,,,,,,,0.08912915060216609,,,,,,,,,,
2018-05-07 14:20:00,,,,,,,,,,,,,,,,,,,-0.13407433933312363,,,,,,,,,,,
2018-05-07 14:21:00,-0.6052943996997502,,,,,,,,-0.011941987726516556,,-0.21023338203680653,,,,,,,,,,,,,,,,0.3211290639477302,,,
2018-05-07 14:23:00,-0.9126917551164535,,,,,,,,-0.1803253149795292,,-0.24052281219290017,,,,,,,,,,,,,,,,-0.5069654919297064,,,0.920382957930709
2018-05-07 14:37:00,,,,,,,,,,,,,,,,,,,,,-0.6668494715461555,,,,,,,,,
2018-05-07 14:43:00,,,,,,,,,,,,,,,,,,,,,-0.06865116444573394,,,,,,,,,
2018-05-07 14:49:00,,,,,,,,,,,,,,,,,,,,,,,,,,,,,,0.5914318769487963
2018-05-07 14:54:00,,,,,,,,,,,,-0.44158405611366813,,,,,,,,,,,,,,,,,,
2018-05-07 14:58:00,,,,,,,,,,0.8032969375933681,,,,,,,,,,,,,,,,,,,0.18599140763614885,
2018-05-07 15:01:00,0.19730821347077176,-0.14038061653354283,-0.1067110984119427,-0.7584741173168079,,,-0.11155446318713302,-0.10581149152921654,0.5944250239737254,,,,,,,,,,,,,-0.42827193353422466,0.7122608323284076,,,,,,,0.5881405433705018
2018-05-07 15:02:00,,,-0.031099874454348475,,,,,,,,,,,,,,,,,,,,,,,,,,,
2018-05-07 15:03:00,,,-0.25432507484726274,,,,,,,,,,,,,,,,,,,,,,,,,,,
2018-05-07 15:04:00,,,,,,,,,,,,0.5330400123858408,,,,,,,,,,,,,,,,,,
2018-05-07 15:14:00,-0.6761464477341539,-0.898145792699834,0.9349260525266192,0.7984193842677587,,,0.679241770235349,-0.3395946990554253,-0.2818272733094793,,,,,,,,,,,,,0.6424667700910196,-0.3072255468463274,,,,,,,0.007128827976865093
2018-05-07 15:21:00,,,0.8911936286354878,,,,,,,,,,,,,,,,,,,,,,,,,,,
2018-05-07 15:23:00,,,,,,,,,,,,,,,,,,,,,,,,,,,,,0.8498409459286891,
2018-05-07 15:28:00,0.8240591262240422,,,,,,,,,,,,,,,,,,,,,,,,,,,,,
2018-05-07 16:25:00,,,,,,,,,,-0.47112758739585936,,,,,,,,,,,,,,,,,,,,
2018-05-07 16:32:00,,,,,,,,,,0.34236439202355773,,,,,,,,,,,,,,,,,,,,
2018-05-07 16:55:00,,,,,,,0.18796950839741444,,,,,,,,,,,,,,,,,,,,,,,
2018-05-07 17:16:00,,,,,,,,,,,,,,,,,,,,,,,,,,,,,,0.15796592983187607
2018-05-07 18:10:00,,,,,,,,,0.9775010894207221,,0.5263772372562219,,,,,,,,,,,,,,,,,,,
2018-05-07 18:12:00,,,,,,,,,,,,,,,,,,,,,,,,,,,,,-0.3600709633965762,
2018-05-07 18:19:00,,,,,,,,,,-0.741833918880664,,,,,,,,,,,,,,,,,,,,
2018-05-07 18:20:00,,,,,,,,,,-0.7659628896724978,,,,,,,,,,,,,,,,,,,0.3981821831395671,
2018-05-07 18:23:00,,,,,,,,,,,,,,,0.7342708211350903,,,,,,,,,,,,,,,
2018-05-07 18:28:00,,,,0.3622814194410757,,,,,,,,,,,,,,,,,,,,,,,,,,
2018-06-07 06:16:00,,,,,,,,,,,,,,,,,,,,,,,,,,,,,0.09216664767738192,
2018-06-07 06:20:00,,,,,,,,,,,,,,,,,,,,,,0.04362726955456364,,,,,-0.5789829287897024,,,
2018-06-07 07:34:00,,,,,,,,,,,,,,,,,,,,,,,,,,,0.5776461395527062,,,
2018-06-07 08:55:00,,,-0.33272448849919467,,,,,,,,,,,,,,,,,,,,,,,,-0.08612238241968062,,,
2018-06-07 09:03:00,,,,,,,,,,0.347556485226461,,,,,,,,,,,,,,,,,,,,
2018-06-07 09:04:00,,,,,,,,,,,,,-0.3845230415309908,,,,-0.03758814197939264,,,,0.9209581973970677,-0.851933261929505,,,,,,,,
2018-06-07 09:06:00,,,0.11219400728024276,,,,,,,,,,,,,,,,,,-0.5162571026946425,,,,,,0.9679148288095083,,,
2018-06-07 09:10:00,,,,,,,,,,,,,,,-0.8819344189898772,,,,,,,,,,,,,,,
2018-06-07 09:11:00,,,,,,,,,,,,,,,,,0.39018672804212606,,,,-0.7923743558982292,,0.043288057345087116,,,,,,,
2018-06-07 09:20:00,-0.7434303183413746,,,,,,,,,,0.13866326089789283,,,,,,0.6462342229492575,,,,,,,,,,,,,
2018-06-07 09:28:00,0.17946834996957706,,-8.678486202717828e-05,,,,,,-0.1205906281272131,,0.8656790098574616,,,,-0.6277241333554502,,-0.21104724014365805,,,0.47809225614394113,-0.944895377938662,,0.7236314944295836,,,,0.9451315148388761,,,
2018-06-07 09:29:00,,,-0.8741068933115115,0.4927051772553088,,,,,,,,,,,,,,,,,-0.26213413626677884,,,,,,,,,
2018-06-07 09:30:00,,,0.5738234021037893,0.6077667023239608,,,,,,,,,,,,,,,,,0.2505758795287303,,,,,,,,,
2018-06-07 09:33:00,,,,,,,-0.9572516309168566,,,,,,,,,,,,,,0.9336921721614964,,,,,,,,,
2018-06-07 09:39:00,,,-0.7878576995399929,,,,,,,,,,,,,,,,,,0.6691063081813058,,,,,,0.5578775477699116,,,
2018-06-07 09:42:00,,,0.7009726692886111,,,,,,,,,,,,,,0.6754792428717808,,,,0.08101803470582403,,-0.9095239756803504,,,,,,,
2018-06-07 09:48:00,,,0.27770315290699554,,,,,,,,,,,,,,,,,,,,,,,,,,,
2018-06-07 09:56:00,-0.10997836484230006,,0.1827052262593858,,,,,,0.3110638422021319,,0.35320675849987304,,,,,,,,,,-0.4168418771141593,,,,,,-0.49320226621316277,,,
2018-06-07 10:02:00,-0.16849654303507777,,-0.5819736439778833,,,0.8671768347823003,,,0.4124372717806337,-0.26297485065998516,0.36789634469810917,,,,,,0.8167380219625597,,-0.8249115063740768,,,,0.8444948595678472,,,,,,0.1773832649926239,0.1935395387005472
2018-06-07 10:14:00,,,,,,,,,,,,,,,,,-0.4054491977530157,,,,-0.46564042857892773,,-0.1365576364615868,,,,,,,
2018-06-07 11:54:00,,,,,,,,,,,,,,,,,,,,,,,,,,,,,,-0.43828140162526674
2018-06-07 11:56:00,,,,,,,,,,-0.402256823861167,,,,,,,,,,,,,,,,,,,,
2018-06-07 11:57:00,,,,,,,,,,,,,,,,,,,,,,,,,,,,,,-0.919610177739377
2018-06-07 11:58:00,,,,,,,,,,,,,,,,,,,,,,,,,,,,,,0.9854369251136388
2018-06-07 12:12:00,0.5221485423297894,,,,,,,,,-0.00036256937053291693,,,,,,,,,,,,,0.9419463802544028,,,,,,0.764158647577974,
2018-06-07 12:25:00,0.8856838539254981,,,,,,,,,-0.5975519320832312,,,,,,,,,,,,,-0.1529022676094196,,,,,,0.9516056283410064,
2018-06-07 13:15:00,,,,,,,,-0.9729718007700916,,,,,,,,,,,,,,-0.2683884044670948,-0.8052009853438822,,,,-0.009765313591470592,,,
2018-06-07 13:27:00,,,,,,,,,,,,,,,,,-0.06758786170807873,,,,,,,,,,,,,
2018-06-07 13:46:00,,,,,,,,,,,,,,,,-0.8766868153273308,,,,,,,,,,,,,,
2018-06-07 14:15:00,,,,,,,,,,-0.1465585401382543,,,,,,,,,,,,,,,,,,,,
2018-06-07 14:24:00,,,,,,,,,,,,,,,,,,,,,,0.048417977412312574,,,,,-0.145196846333272,,,
2018-06-07 14:27:00,,,,,,,,,,,,,,,,,,-0.3200967707268081,,,,,,,,,,,,
2018-06-07 16:06:00,0.8963897726145897,,,,,,,,,,,,,,,,,,,,,,,,,,,,,
2018-06-07 16:07:00,-0.20686377895192987,,,,,,,,,,,,,,,,,,,,,,,,,,,,,
2018-06-07 16:57:00,,,,,,,,,,,,,,,,,,,,-0.10903262681739401,,,,,,,,,,
2018-06-07 16:58:00,0.4967506863057318,,-0.40958025610503945,,,,0.8959479291252261,,,,,,,,,,,,,,,,,,,,,,,-0.6805570352750079
2018-06-07 17:10:00,,,,,,,,,,,,,,,,,,,,,,,,,,,,,0.20011997278989702,
2018-06-07 17:15:00,,,,,,,,,,,,,,,-0.6771951542115451,,,,,,,,,,,,,,,
2018-06-07 17:36:00,,,,,,,,,,-0.2676466869006242,,,,,,,,,,,,,,,,,,,0.6596537777349032,
2018-06-07 18:32:00,,,,-0.44327965858035,,,,,,,,,,,,,,,,,,,,,,,,,,
2018-06-07 18:42:00,,,,,,,,,,,,,,,,,,,,,,,,,,-0.2707556969573901,,,,
2018-06-07 20:12:00,,,,,,0.061571820464806803,,,,,,,,,,,,,,,,,,,,,,,,
2018-06-07 20:13:00,,,,,,0.2773229341337011,,,,,,,,,,,,,,,,,,,,,,,,
2018-06-07 20:16:00,,,,,,,,,0.9066945052836055,,,,,,,,,,,,,,,,,,,,,
2018-06-07 20:33:00,,,,,,,,,,,0.6200946994638861,,,,,,,,,,,,,,,,,,,
2018-06-07 20:34:00,,,,,,,,,,,-0.9438585497626613,,,,,,,,,,,,,,,,,,,
2018-06-07 21:35:00,0.7320350246136582,,,,,,,,,,,,,,,,,,,,,,,,,,,,,
2018-07-13 06:23:00,-0.17771259063372224,,,,,,,,,,,,,,,,,,,,,,,,,,,,,
2018-07-13 08:06:00,0.4826246963296543,,,,,,,,,,,,,,,,,,,,,,,,,,,,,
2018-07-13 08:07:00,,,,,,,,,0.10492031548659342,,-0.16308030266669005,,,,,,,,,,,,,,,,,,,
2018-07-13 08:08:00,,,,,,,,,,,,,,,,,,,,,,,,,,,,,-0.7150720269945843,-0.8084766132448131
2018-07-13 08:09:00,,,,,,,,,,0.9782981324203315,,,,,,,,,,,,,,,,,,,,
2018-07-13 08:49:00,,,,,,,,,,,0.0558195432201094,,,,,,,,,,,,,,,,,,,
2018-07-13 08:53:00,,,,-0.941978910836426,,,,,-0.14749965557147182,,,,,,,,,,,,,-0.5235998277801848,,,,,,,,
2018-07-13 08:58:00,,,,0.26575414329527125,,,,,0.6668263019133114,,,,,,,,,,,,,0.5459209812466999,,,,,,,,
2018-07-13 09:05:00,,,,,,,,,,,,,,,,,,,,,,,0.1110005088570778,,,,,,,
2018-07-13 09:10:00,,,,,,,,,,-0.38055061326500383,,,,,,,,,,,,,,,,,,,,
2018-07-13 09:16:00,,,,,,,,,,,,,,,,,,,,,,0.18026680440669995,,,,,,,,
2018-07-13 09:20:00,,,,,,,,,,,,,,,,,,,,,,0.1556397870203321,,,,,,,,
2018-07-13 09:21:00,,,,,,,,,,,,,,,,,,,,,,,,,,,,,,0.7274183379653592
2018-07-13 09:29:00,,,0.7387672608060629,,,,,,0.11539317967986551,,,,,,,,,,,,,,,,,,,,,
2018-07-13 09:34:00,,,,,,,,,,,,,,,0.26870119133744463,,,,,,,,,,,,,,,
2018-07-13 09:35:00,,,,,,,,,,,,,,,0.6019926553774637,,,,,,,,,,,,,,,
2018-07-13 09:37:00,,,,,,,,,,,,,,,,,,,,,,0.046449468924006476,,,,,,,,
2018-07-13 09:57:00,,,,,,,,,,,,,,,,,,,,,,,-0.38771172982832325,,,,,,,
2018-07-13 10:10:00,0.43523668139259786,,0.3565781272442079,,,0.9618196965642691,,,0.8318138789851797,0.014828518796727641,-0.5823222236431449,,,,,,,,-0.4777279672722512,,,,0.7894350688457294,,,,,,-0.6163330611870217,-0.6069604478493149
2018-07-13 10:19:00,,,0.5069117416045528,,,,,,,,,,,,,,,,,,,,,,,,,,,
2018-07-13 10:23:00,,,,-0.8466595137516051,,,,,,,,,,,,,,,,,,0.23784431843563203,,,,,,,,
2018-07-13 10:31:00,,,,,-0.8703475611797249,,,,,,,,,,,,,,,,,,,,,,,,,
2018-07-13 10:57:00,,,,-0.39941122804955786,,,,,,,,,,,,,,,,,,-0.32629790988593066,,,,,,,,
2018-07-13 11:43:00,,,,,,,,,,,,,,,,,,,,,,,0.9775888933484282,,,,,,,
2018-07-13 11:47:00,,,,,,,,,,0.09675040667841772,,,,,,,,,,,,,,,,,,,,
2018-07-13 12:04:00,,,,,,,,,,0.8550992328400648,,,,,,,,,,,,,,,,,,,,
2018-07-13 12:10:00,-0.11811185113369627,,,,,,,,,,,,,,,,,,,,,,,,,,,,,
2018-07-13 13:09:00,,,,,,,,,-0.17929880259709674,,,,,,,,,,,,,,,,,,,,,
2018-07-13 13:10:00,,,,,,,,,-0.21952416992122248,,,,,,,,,,,,,,,,,,,,,
2018-07-13 13:15:00,,0.7210561495845242,,,,,,,-0.7922445183154423,,,,,,,,,,,,,,,,,,,,,
2018-07-13 13:30:00,,,,,,,,,,,,,,,,,,,,,,,,,,,-0.5839865840435889,,,
2018-07-13 13:44:00,,,,,-0.2076171308487147,,,,,,,,,,,,,,,,,,,,,,,,,
2018-07-13 14:44:00,,,,,,,,,0.7436630442445702,,,,,,,,,,,,,,,,,,,,,
2018-07-13 14:45:00,,,,,,,,,-0.4578733018849137,,,,,,,,,,,,,,,,,,,,,
2018-07-13 14:51:00,,,,,,,,,,,,,,,,0.6323784095745031,,,,,,,,,,,,,,
2018-07-13 15:16:00,,,,,,,,,,0.03272880902758257,,,,,,,,,,,,,,,,,,,,
2018-07-13 15:25:00,,,,,,,,,,,,,,,,,,,,,,,-0.8169548917897822,,,,,,,
2018-07-13 16:07:00,,,,,,,,,,,,,,,,,,,,,,-0.23674583111901293,,,,,,,,
2018-07-13 17:09:00,0.33613516474620253,,,,,,,,,,,,,,,,,,,,,,,,,,,,,
2018-07-13 17:15:00,,,,,,,,,,,,,,,,,,,,,,,,,,,,,-0.43141680539779403,
2018-07-13 18:04:00,,,,,,,,,,0.1082151690970572,,,,,,,,,,,,,,,,,,,,
2018-07-13 18:10:00,,,,,,,,,,,,,,,,,,,,,,,0.10047278475958565,,,,,,,
2018-07-13 18:12:00,,,,,,,,,,,,,,,,,,,,,,,,,,,,,-0.6015537532037707,
2018-07-13 19:09:00,,,,,,,,,,,,-0.2824027099402433,,,,,,,,,,,,,,,,,,
2018-07-16 06:14:00,,,,,,,,,,,,,,,,,,,,,,-0.30384782252262155,,,,,,,,
2018-07-16 06:16:00,,,,,,,,,,,,,,,,,,,,,-0.43498658454092465,,,,,,,,,
2018-07-16 06:33:00,,,,,,,,,,0.42147947747839765,,-0.978424714934852,,,,,,,,,,,,,,,,,-0.16997042844702048,
2018-07-16 07:10:00,,-0.5781520239488278,,,,,,,,,,,,,,,,,,,,,,,,,,,,
2018-07-16 08:23:00,,,,,,,,,,,,,,,,,,,,,,0.13554529159753104,,,,,,,,
2018-07-16 08:50:00,,,0.5032279881851975,,,,,,,,,,,,,,,,,,,,0.8964035560240391,,,,,-0.9018778683541404,,
2018-07-16 08:52:00,,,,,,,,,,0.605657142779956,,-0.8379979143919158,,,,,,,,,,,,,,,,,,
2018-07-16 09:02:00,,,0.259688801427578,,,,-0.33555620338447545,,,,,,,,-0.8075096777067354,,,,,-0.41346483045344673,,,0.8912546844810538,,,,,-0.5976746286723875,,
2018-07-16 09:07:00,,,,,,,,,,0.3149259117120735,,-0.5223543441620158,,,,,,,,,,,,,,,,,,
2018-07-16 09:09:00,,,-0.19606809873097442,,,,,,,,,,,,,,,,,,,,,,,,,,,
2018-07-16 09:12:00,,,,,,,-0.7007900538678942,,,,,,,,,,,,,,,,,,,,,,,
2018-07-16 09:20:00,,,,,,,,,,,,,,,,,,,,,,,,,,,,,,0.5540270121431834
2018-07-16 09:27:00,,,-0.6615753526902408,,,,,,,,,,,,,,,,,,,,,,,,,,,
2018-07-16 09:34:00,,-0.25955081180123885,,,,,,,,,,-0.528519841439508,,,,,,,,,,,,,,,,,,
2018-07-16 09:36:00,,,,,,,,,,,,,,-0.5169825936663444,,,,,,,,,,,,,,,,
2018-07-16 09:43:00,,,-0.5280338516486263,,,,,,,,,,,,,,,,-0.5777692136955495,,,,,,,,,,,
2018-07-16 09:44:00,,,,,,,,,,,,,,,,,,,,,,0.9673378541826063,,,,,,,,
2018-07-16 09:51:00,,,,,,,,,,,,,,,,,,,,,,,-0.3330032232959341,,,,,,,
2018-07-16 09:55:00,,,,,,,,,,,,,,,,,,,,,,,-0.7934543111901888,,,,,,,
2018-07-16 09:58:00,,,,,,,,,,,,-0.6131472478005686,,,,,,,,,,,,,,,,,,
2018-07-16 10:04:00,,,,,,,,,,,,,,,,,-0.058832589351787146,,,0.10230956617575981,,,,,,,,,,
2018-07-16 10:09:00,,,,,,,,,,,,-0.7367048076292269,,,,,,,,,,,,,,,,0.9933773247060649,,
2018-07-16 10:30:00,,,,,0.6224401407452202,,,,,,,,,,,,,,,,,,,,,,,,,
2018-07-16 10:44:00,-0.8300705764285141,,,,,,,,,,,,,,,,,,,,,,,,,,,,,
2018-07-16 10:45:00,0.365629018676648,,,,,,,,,,,,,,,,,,,,,,,,,,,,,
2018-07-16 10:47:00,,,,,,,,,-0.6912060125896893,,,,,,,,,,,,,,,,,,,,,
2018-07-16 11:23:00,,-0.523469001925313,,,,,,,,,,,,,,,,,,,,,,,,,,,,
2018-07-16 11:58:00,0.9311988371220679,,,,,-0.5046422120489233,,,0.629836675413147,,,,,,,,-0.3013504092298487,,,,0.12215484540352173,-0.44542360556890337,0.40070125231014186,,,,,,,
2018-07-16 14:26:00,,,-0.5112189509517726,,,,,,,,,,,,,,,,,,,,,,,,,,,
2018-07-16 14:34:00,,,-0.5444485900057021,,,,,,,,,,,,,,,,,,,,,,,,,,,
2018-07-16 14:35:00,-0.4265035688673644,,,,,,,,,,,,,,,,,,,,,,,,,,,,,
2018-07-16 15:24:00,,,,,,,,,-0.07443832731710054,,,,,,,,,,,,,,,,,,,,,
2018-07-16 15:44:00,,,0.6879668111906732,,,-0.39693610213609154,,,,,,,,,,,,,,,,,,,,,,,,
2018-07-16 15:45:00,,,0.013505581421232593,,,,,,,,,,,,,,,,,,,,,,,,,,,
2018-07-16 16:24:00,,,-0.215648115681214,,,,,,,,,,,,,,,,,,,,,,,,,,,
2018-07-16 16:49:00,0.5186945063576638,,,,,,,,,,,,,,,,,,,,,,,,,,,,,
2018-07-16 16:52:00,,,,,,,,,,,,,,,-0.26728278897712965,,,,,,,,,,,,,,,
2018-07-16 17:12:00,,,,,,,,,,-0.7347931826580267,,,,,,,,,,,,,,,,,,,,
2018-07-16 17:37:00,,,,,,,,,,,,,,,,,,,,,,,,,,,,,,0.6931763253317134
2018-07-16 18:11:00,,,,,,,,,-0.2880405418273597,,,,,,,,,,,,,,,,,,,,,
2018-07-16 19:28:00,,,,0.290662314615836,,,,,,,,,,,,,,,,,,,,,,,,,,
2018-07-16 20:28:00,,,,,,-0.008464780690247142,,,,,,,,,,,,,,,,,,,,,,,,
2018-07-17 06:31:00,,,,,,-0.04223023682752758,,,,,,,,,,,,,,,,,,,,,,,,
2018-07-17 08:43:00,,,,,,,,,,,,,,,,-0.07917579778551409,,,,,,,,,,,,,,
2018-07-17 08:45:00,,,,0.3153623267567369,,,,,,,,,,,,,,,,,,,,,,,,,,
2018-07-17 08:51:00,,-0.27275908886904343,,,,,,,,,,,,,,,,,,,,,,,,,,,-0.2106401255408321,
2018-07-17 08:52:00,,,,,,,,,,,,,,,,,,,,,-0.5580307010052425,,0.5668108477598217,,,,,0.20574994578682482,,
2018-07-17 09:00:00,,,,-0.48219035058674753,,,,,,,,,,,,,,,,,,,,,,,,,,
2018-07-17 09:01:00,,,0.10893462123130981,,,,,,,,,,,,,,,,,,,,-0.32001700487511986,,,,,,,
2018-07-17 09:08:00,,,,,,,,,,,,,,,0.0659585853981528,-0.9418921586831759,,,,,,-0.11081049283696576,,,,,,,,
2018-07-17 09:15:00,,,,,,,-0.8972982188616547,,,,,,,,,,,,,,,,,,,,,,,
2018-07-17 09:18:00,,,,0.4612998312181338,,,,,,,,,,,,,,,,,,,,,,,,,,
2018-07-17 09:20:00,,-0.32369029176388264,,,,0.6507919952419068,,,,,,,,,,,,,,,,,,,,,,,,
2018-07-17 09:38:00,0.893310932129382,,,,,,,,0.9447401010694161,-0.5757727887233652,0.17333904939069567,,,,,,,,,,,,,,,-0.3645900852969779,,,,0.38283575682255355
2018-07-17 09:44:00,,,,,,,,,,,,,,,,,,,,,,-0.12664632044078394,,,,,,,,
2018-07-17 09:56:00,,0.35180039943054364,,,,0.312542831537568,,,,,,,,,,,,,,,,,,,,,,,,
2018-07-17 10:08:00,,,,,,,,,,,,,,,,,,,,,,-0.4694446245427273,,,,,,,,
2018-07-17 10:09:00,,,,,,,,,,,,,,,,,,,,,-0.23152472177094663,,,,,,,,,
2018-07-17 10:20:00,,,,,,,,,,,,,,,,,,,,,,-0.16659672620776567,,,,,,,,
2018-07-17 11:28:00,,,,,,,,,-0.8246020248981856,,,,,,,,,,,,,,,,,,,,,
2018-07-17 12:05:00,,,,,,,,,,,0.7629968393599313,,,,,,,,,,,,,,,,,,,
2018-07-17 12:07:00,,,,,,,,,,,0.6294739459206273,,,,,,,,,,,,,,,,,,,
2018-07-17 13:01:00,,,,,,,,,0.0790252203252293,,,,,,,,,,,,,,,,,,,,,
2018-07-17 13:02:00,,,,,,,,,0.07307043012989578,,,,,,,,,,,,,,,,,,,,,
2018-07-17 13:15:00,,,,,,,,-0.9620987426646956,,,,,,,,,,,,,,,,,,,,,,
2018-07-17 14:10:00,-0.7766719772723227,,,,,,,,,,,,,,,,,,,,,,,,,,,,,
2018-07-17 14:40:00,,,,,,,,,,,,,,,,,,,,,,,,,,-0.5089400607116064,,,,
2018-07-17 16:09:00,,,,,,,,,,,,,,,,,,,,,,,,,,,,,,0.3525260230435403
2018-07-17 16:14:00,,,,,,,,,,,,,,,,-0.9763889723589372,,,,,,,,,,,,,,
2018-07-17 16:54:00,-0.010073685107375718,,,,,,,,,,,,,,,,,,,,,,,,,,,,,
2018-07-17 17:36:00,,,,,,,,,,,,,,,,,,,,,,0.4380987214725838,,,,,,,,
2018-07-17 17:38:00,,,,,,,,,0.3042336890933961,,,,,,,,,,,,,,,,,,,,,
2018-07-17 18:10:00,,,,,,,,,,,,,,,,,,,,,,0.3752677081315807,,,,,,,,
2018-07-17 18:39:00,,,-0.6320123912365083,,,,,,,,,,,,,,,,,,,,,,,,,,,
2018-07-17 18:50:00,,,,-0.09054265509053172,,,,,,,,,,,,,,,,,,,,,,,,,,
2018-07-17 18:54:00,,,,,,,,,,-0.5149098812753159,,,,,,,,,,,,,,,,,,,,
2018-07-17 19:34:00,,,,,,,,,,-0.11734648389720204,,,,,,,,,,,,,,,,,,,,
2018-07-18 06:26:00,,,0.4262234450665794,,,,,,0.2538270308725805,,,,,,,,,,,,,,,,,,,,,
2018-07-18 08:48:00,,,,,,,,,0.04059810776592854,0.10893648402397393,,,,,,,,,,,,,,,,,,,,
2018-07-18 08:49:00,,,,,,,,,0.8621321346633806,,,,,,,,,,,,,,,,,,,,,
2018-07-18 08:50:00,,,,,,,,,,,,,-0.16775318519622506,,,,,,,,,,,,,,,,,
2018-07-18 09:02:00,,,,-0.7030497727064362,,,,,,0.9249012963848648,,,,,,,,,,,,,,,,,,,,
2018-07-18 09:05:00,0.7502551569557092,,,,,,,,,,,,,,-0.8374364264028238,,,,,,,,,,,,,,,
2018-07-18 09:10:00,,,-0.853869859562931,,,,,,,0.044047914839854485,,,,,,,,,,,,,,,,,,,,
2018-07-18 09:28:00,,,,,,,,,,0.7436476626089279,,,,,,,,,,,,,,,,,,,,
2018-07-18 10:04:00,,,,,,,,,,-0.7851979484579972,,,,,,,,,,,,,,,,,,,,
2018-07-18 10:09:00,,,,,,,,,,0.013639391300956927,,,,,,,,,,,,,,,,,,,,
2018-07-18 10:10:00,,,,,,,,,,,,,,,,-0.9088768717201727,,,,,,,,,,,,,,
2018-07-18 10:13:00,,,,,,,,,,,,,,,,0.5556649961033415,,,,,,,,,,,,,,
2018-07-18 10:30:00,,,,,,,,,,,,,,,,,,,,,,,,,,,-0.45859852361024234,,,
2018-07-18 10:32:00,,,-0.06149683553426266,,,,,,,,,,,,,,,,,,,,,,,,,,,
2018-07-18 10:54:00,,,,,,,,,,,,,,,,,0.4727170354610404,,,,,,,,,,,,,
2018-07-18 10:55:00,,,,,,,,,,,,,,,,,,,,,,,-0.9739998494344739,,,,,,,
2018-07-18 10:58:00,,,,,,,,,,,0.3558268797653892,,,,,,,,,,,,,,,,,,,
2018-07-18 11:42:00,,,,,,,,,-0.763579611085891,,,,,,,,,,,,,,,,,,,,,
2018-07-18 12:23:00,,,,,,,,,,,-0.9032183956336552,,,,,,,,,,,,,,,,,,,
2018-07-18 12:26:00,,,,,,,,,,,-0.704910021155044,,,,,,,,,,,,,,,,,,,
2018-07-18 13:01:00,,,,,,,,,-0.9036284070475451,,,,,,,,,,,,,,,,,,,,,
2018-07-18 13:02:00,,,,,,,,,-0.362300343382288,,,,,,,,,,,,,,,,,,,,,
2018-07-18 13:15:00,,,,,,,,,-0.1372916791557084,,,,,,,,,,,,,-0.08146178682246186,,,,,,,,
2018-07-18 14:05:00,,,,-0.6625051568416185,,,,,,,,,,,,,,,,,,,,,,,,,,
2018-07-18 14:52:00,,,,,,,,,,,,,,,,0.5442523923154929,,,,,,,,,,,,,,
2018-07-18 15:03:00,,,,,,,,,,,,,,,,,,,,,,,,,,,,0.27443789969377685,,
2018-07-18 16:16:00,,,,,,,,,,,,,,,,,,,,,,,,,,,,,-0.6260521999347939,
2018-07-18 16:25:00,,,,,,,,,,,,,,,,,,0.5128530459120217,,,,,,,,,,,,
2018-07-18 17:31:00,,,,,,,,,,,,,,,,,,,,,,,,,,,-0.8122898708556658,,,
2018-07-18 17:35:00,,,,,,,,,-0.44439032296420655,,,,,,,,,,,,,,,,,,,,,
2018-07-18 17:45:00,,,,,,,,,,,,,,,,,,,,,,,,,,,,,0.9013929909888734,
2018-07-18 17:49:00,0.058985172885415826,,,,,,,,,,,,,,,,,,,,,,,,,,,,,
2018-07-18 17:50:00,0.6285459981657904,,,,,,,,,,,,,,,,,,,,,,,,,,,,,
2018-07-18 18:30:00,,,,-0.9660959099680062,,,,,,,,,,,,,,,,,,,,,,,,,,
2018-07-18 19:10:00,,,,,,0.5259165708459939,,,,,,,,,,,,,,,,,,,,,,,,
2018-07-18 19:11:00,,,,,,-0.15813455112320174,,,,,,,,,,,,,,,,,,,,,,,,
2018-07-19 06:31:00,,,,,,,,,,-0.46080625178482015,,,,,,,,,,,,,,,,,,,,
2018-07-19 09:04:00,,,,,,,,,,,-0.874204373380951,,,,0.6024698627578351,,,,,,,,,,,,,,,
2018-07-19 09:32:00,,,0.02322833830588511,,,,,,,,,,,,,,,-0.179286438623659,,,,,,,,,,,,
2018-07-19 09:34:00,,-0.42923024291427425,,,,,,,,,,,,,,,,-0.020655330601701216,,,,,,,,,,,-0.8024898431260101,
2018-07-19 09:40:00,,,,,,,0.3651779601244389,,,,,,,,,,,,,,,,,,,,,,-0.2563893945252764,
2018-07-19 09:49:00,,,,,,,,,,,,,,,,,,0.03552844108901754,,,,,,,,,,,0.6838526067918722,
2018-07-19 09:52:00,,,,,,,,,,,,,,,,,,-0.6323692857943013,,,,,,,,,,,,
2018-07-19 09:59:00,,,,,,,,,,,-0.48783106752702343,,,,,,,,,,,,,,,,,,,
2018-07-19 10:04:00,,,,,,,-0.4432250803572704,,,,,,,,,,,,,,,,0.43454436200340685,,,,,,,
2018-07-19 10:13:00,,,,,,,,,,,,,,,,,,,,,,,,-0.7609301530927077,,,,,,
2018-07-19 10:14:00,,,,,,,,,-0.21607488901801575,,,,,,-0.2661239571072733,,,,0.06447715603364257,0.366608893362941,,,,,,,,,,-0.2040174827647545
2018-07-19 10:30:00,,,,,,,,,-0.7527077462168392,,,,,,-0.4324765998733844,,,,0.16284183970832133,0.5338872950289728,,,,,,,,,,-0.014400513043296703
2018-07-19 10:32:00,,,,,,,,,0.46370518795740456,,,,,,0.24884532913669566,,,,-0.5254754612607351,-0.2581597659864474,,,,,,,,,,-0.7850394946878085
2018-07-19 10:34:00,,,,,,,,,,,,,,,,,,,,,,-0.7438982110794183,,,,,,,,
2018-07-19 10:57:00,,,,,,,,,-0.39505562634100944,,,,,,,,,,,,,,,,,,,,,
2018-07-19 11:24:00,,,,,,,,,,,,,,,,,,,0.5162469707524424,,,,,,,,,,,
2018-07-19 11:37:00,,,,,,,,,0.450045046294387,,,,,,,,,,,,,,,,,,,,,
2018-07-19 12:08:00,,,,,,,,,,,,,,,,,,,,,,,,,,,0.7891297197095262,,,
2018-07-19 13:04:00,,,,,,,,,0.392311171450181,,,,,,,,,,,,,,,,,,,,,
2018-07-19 13:06:00,,,,,,,,,-0.32401683176964036,,,,,,,,,,,,,,,,,,,,,
2018-07-19 13:09:00,,,,,,,,,-0.041392623106208504,,,,,,,,,,,,,,,,,,,,,
2018-07-19 13:16:00,,,,,,,,,,,,,,,,,,,,,,0.0986908883876576,0.9078517293380337,,,,,,,
2018-07-19 13:20:00,,,,,,,,,,,,,,,,,,,,,,-0.016912365590651124,,,,,,,,
2018-07-19 13:21:00,,,,,,,,,,,,,,,,,,,,,,-0.47293304109997125,,,,,,,,
2018-07-19 13:44:00,,,,,,,,,,,,,,,,,,,,,,0.054188153483217594,,,,,,,,
2018-07-19 14:30:00,,,,,,,,,,,,,,,,,,,,,,,-0.9914096478477032,,,,,,,
2018-07-19 14:54:00,,,,,,,,,,,,,-0.17090909385107889,0.2016732598664821,,,,,,,,,,,,,,,,
2018-07-19 15:58:00,,,,,,,,,,,,,,,,,,,,,,,,,,,,,0.617829761218528,
2018-07-19 16:02:00,,,,,,,,,,,,,,,,,,,,,,,0.5162386210793368,,,,,,,
2018-07-19 16:05:00,,,,,,,,,,,,,,,,,,,,,,,-0.5474942617472831,,,,,,,
2018-07-19 16:59:00,,,,,,,,,,,,,,,,-0.09114791932444577,,,,,,,,,,,,,,
2018-07-19 17:32:00,,,,,,-0.43768028358256994,,,,,,,,,,,,,,,,,,,,,,,,
2018-07-19 17:45:00,,,,,,,,,0.9895249987719548,,,,,,,,,,,,,,,,,,,,0.6755189475134269,
2018-07-19 18:12:00,,,,,,,,,,,,,,,,,,,-0.872869987327088,,,,,,,,,,,
2018-07-19 18:13:00,,,,,,,,,0.6329110719665874,,,,,,,,,,,,,,,,,,,,,
2018-07-19 18:15:00,,,,,,,,,-0.4970702383393568,,,,,,,,,,,,,,,,,,,,,
2018-07-19 21:06:00,,,,,,,,,,,,,,,,,,,,,,,,,,,,0.23328923442597005,,
2018-07-20 06:47:00,,0.8043961426059707,,,,-0.3388843810245097,,,,,,,,,,,,,,,,-0.6987702133911087,,,,,-0.1280025098239661,-0.7881024440446316,,
2018-07-20 08:35:00,,,,,,,,,,,,,,,,,,,,,,,0.026108824601823066,,,,,,,
2018-07-20 08:39:00,,,,,,,,,,,,,,,,,,,,,,,,,0.3114018264304155,,,,,
2018-07-20 08:50:00,,-0.8134648952983607,,,,,,,,,,,,,,,,,,,,,0.4182881757875965,,,,,0.9766619821018945,,
2018-07-20 08:51:00,,,,,,,,,,,-0.016316823138445846,,,-0.369438139143496,,,,,,,,-0.8837384904956433,,,,,,,,
2018-07-20 09:04:00,,,,,,,,,,,,,,,,,,,,,,,0.17483483222069984,,-0.7539214429555705,,,,,
2018-07-20 09:07:00,,,,,,,,,,,,,,,,,,,,,,,0.12038015551412262,,,,,,,
2018-07-20 09:25:00,,,,,,0.6742108854112476,,,,,,,,,,,,,,,,,,0.21815728255212963,,,,,,
2018-07-20 09:26:00,,,,,,0.23797183673247657,,,,,,,,,,,,,,,,,,,,,,,,
2018-07-20 09:28:00,,,,,,,,,,,,,,,,,,,,,,0.2216263983377511,,,,,,,,
2018-07-20 09:36:00,,,,,,,0.532522220538209,,,,,,,,,,,,,,,,0.6082237096422249,,,,,-0.7342908817785814,,
2018-07-20 09:37:00,,,,,,,0.716730258720373,,,,,,,,,,,,,,,,,,0.2800745982944759,,,,,
2018-07-20 09:42:00,,,,,,,,,,,,,,0.022612434231498613,,,,,,,,0.38334339704663667,0.19616474534519113,,,,,,,
2018-07-20 09:58:00,,,,,-0.1884163351054553,,,,,,,,,,,,,,,,,,,,,,,,,
2018-07-20 10:06:00,,0.7760614918885942,,-0.15903696999152261,,,0.6691487629514203,-0.1943503609649524,,,,0.657581858460617,,,,,,,,,,,,,,,,,,-0.7727513548697325
2018-07-20 10:08:00,,0.4790412523930565,,0.15977553054122984,,,-0.5310331320153763,-0.843740138026219,,,,0.7101349540106978,,,,,,,,,,,,,,,,,,-0.24565756847455367
2018-07-20 10:10:00,,,,,,,,,,,,,,,,,,,,,,,,,,,0.19190357732160557,,,
2018-07-20 10:32:00,,,,,,,,,,,,,,,,,,,,,,,,,,,,0.39666038247980695,,
2018-07-20 11:03:00,,-0.27450409631753736,,,,,,,,,,,,,,,,,,,,,,,,,,,,
2018-07-20 11:27:00,-0.16042801146016028,,,,,,,,,,,,,,,,,,,,,,,,,,,,,
2018-07-20 11:29:00,-0.2020386505452505,,,,,,,,,,,,,,,,,,,,,,,,,,,,,
2018-07-20 12:07:00,,0.08344811184123135,,,,,,,,,,,,,,,,,,,,,,,,,,,,
2018-07-20 12:37:00,,0.06384923686003785,,,,,,,,,,,,,,,,,,,,,,,,,,,,
2018-07-20 13:26:00,,0.04789730231308309,,,,,,,,,,,,,,,,,,,,-0.06524089490370977,,,,,,,,
2018-07-20 14:30:00,-0.025746313593246972,-0.705260663487246,,,,,,,0.7582022333814491,,,,,,,,,,,,-0.6392935374037885,-0.6327280880398849,,,,0.13638359410231704,0.18540550354032814,,,
2018-07-20 14:31:00,,,,,,,,,,,0.4359063721101233,,,,,,,,,,,,,,,,,,,0.6189732772166101
2018-07-20 14:37:00,-0.08145252348091936,,,,,,,,-0.7474987280918732,,,,,,,,,,,,,-0.23776025814568613,,,,0.34067701791809335,0.32245263000067537,,,
2018-07-20 14:38:00,,-0.3263479590945839,,,,,,,,,-0.1577746079933786,,,,,,,,,,-0.38426386400594414,,,,,,,,,0.7834189107896847
2018-07-20 14:46:00,,,,,,,,,,,,,,,,,,,,,,,,,0.024915715076163747,,,,,
2018-07-20 14:47:00,,,,,,,,,,,,,,,,,,,,,,,,,-0.30598813085317245,,,,,
2018-07-20 14:48:00,,,,,,,,,,,,,,,,,,,,,,,,,-0.043766887708708735,,,,,
2018-07-20 14:49:00,,,,,,,,,,,,,,,,,,,,,,,,,0.8200080626492707,,,,,
2018-07-20 14:51:00,,,,,,,,,,,,,,,,,,,,,,,,,0.45055016165963346,,,,,
2018-07-20 14:52:00,,,,,,,,,,,,,,,,,,,,,,,,,-0.5506728755178827,,,,,
2018-07-20 14:53:00,,,,,,,,,,,,,,,,,,,,,,,,,0.10364008169696581,,,,,
2018-07-20 14:55:00,,,,,,,,,,,,,,,,,,,,,,,,,0.07865809022311376,,,,,
2018-07-20 15:11:00,0.9504402869224347,,,,,,,,,,,,,,,,,,,,,,,,,,,,,
2018-07-20 15:25:00,,,,,,,,,,-0.24560524464014555,,,,,,,,,,,,,-0.08173862610050642,-0.04068157102810055,,,,,-0.37628685090469216,
2018-07-20 15:26:00,,,,,,,,,,0.5971982701462759,,,,,,,,,,,,,0.9271492328264175,-0.6840033439531243,,,,,0.701543302555699,
2018-07-20 15:49:00,,,,,,,,,,,,,,,,,,,,,,,,,,,,-0.8978166422027478,,
2018-07-20 16:47:00,,,,,,,,,,0.56927450877445,,,,,,,,,,,,,,,,,,,,
2018-07-20 16:53:00,0.533085771956981,,,,,,,,,,,,,,,,,,,,,,,,,,,,,
2018-07-20 17:31:00,,,,,,,,,,,,,,,,,,,0.7828268412327801,,,,,,,,,,,
2018-07-20 17:38:00,-0.7546024125132287,,,,,,,,,,,,,,,,,,,,,,,,,,,,0.962315202534846,
2018-07-20 17:44:00,,,,,,,,,,,,,,,,,,,,,,,,,,,,,-0.8238183100250522,
2018-07-20 17:51:00,,,,,,,,,,,,,,,,,,,-0.9743192997396117,,,,,,,,,,,
2018-07-20 18:04:00,,,,,,,,,,,0.5482017779626034,,,,,,,,,,,,,,,,,,,
2018-07-20 18:10:00,,,,,,,,,-0.7827091580393417,,,,,,,,,,,,,,,,,,,,,
2018-07-23 06:38:00,,,,,,,,,,,,,,,,,,,,,,,0.7423381580726724,,,,,,,
2018-07-23 06:46:00,,,,,,,,,,,,,,,,,,,-0.48029697002580063,,,,,,,,,,,
2018-07-23 06:55:00,,,,,,,,,0.014446967519981646,-0.2833561576005663,,,,,,,,,,,,,,,,0.9234673950257664,,,0.7651188012635928,0.5270629778448335
2018-07-23 08:27:00,,,,,,,,,,,,,,,,,,,,,,,0.4557089805149308,,,,,,,
2018-07-23 08:29:00,,,,,,,,,-0.649909267131419,,,,,,,,,,,,,,,,,,,-0.8194349911690497,,0.6644759473224431
2018-07-23 08:36:00,,,,,,,,,,,,,,,,,-0.3110045180079206,,,,,,-0.2543868952955832,,,,,,,
2018-07-23 08:43:00,,,,,,,,,0.1883851378872008,,,0.02359368771693804,,,,,,,,,,-0.7378425813145675,0.97544999619836,,,,,,,-0.28919480434386924
2018-07-23 08:50:00,,,,,,,,,,,-0.4912818599715816,,,,,,,,0.22637494803023106,,,,,,,,,0.4213960860580672,,
2018-07-23 09:00:00,,,,,,,,,,,-0.11922552063399339,,,,,,,,,,,,-0.9610950782529177,,,,,-0.3162175733627062,,
2018-07-23 09:05:00,,-0.02741344619789765,,,,,,,,,0.45181235474002546,,,,,,,,-0.9478496277356581,,,0.8963368031070278,,,,,0.2243650600027931,,,
2018-07-23 09:11:00,,,,,,,,,-0.8614430871944694,,,,,,,,,,,,,,,,,,,,,
2018-07-23 09:14:00,,,,,,,,,,,,,,,,,,-0.5361881018397998,,,,,,,,,,,,
2018-07-23 09:17:00,-0.016155861293569496,,,,,0.9899868342937201,,,,,,,,,0.13227136147251395,,,,,,,,,,,,,,,
2018-07-23 09:18:00,0.4931650079097152,,,,,0.9328890463768627,,,,,,,,,0.48682983880471387,,,,,,,,,,,,,,,
2018-07-23 09:19:00,-0.3811666934232947,,,,,-0.9621772602879066,,,,,,,,,-0.47452052955803214,,,,,,,,,,,,,,,
2018-07-23 09:26:00,,,,0.8853364225608766,,,-0.9232222521045617,,,,,,,,,,,,,,,,,,,,,,,
2018-07-23 09:27:00,,,,0.4555903472297742,,,0.9169283904050951,,,,,,,,,,,,,,,,,,,,,,,
2018-07-23 09:38:00,,,,,,,,,,,,,,,,,,,,,,,0.6573497703141082,,,,,,,
2018-07-23 09:57:00,,,,-0.27615881490008864,,,0.4854252247537594,,,,,,,,,,,,-0.7239167926636825,,,,0.5560167151197686,,-0.71742595527023,,,,,
2018-07-23 10:05:00,0.7930082478966352,,,,,0.604232912688589,,,-0.38089891212215066,-0.44907908940130503,0.9736698233453722,,,,,,,,,,,,0.592753870824291,,,,,,0.5454870150876527,-0.3582743236502963
2018-07-23 10:06:00,,,,,,,,,,,,,,,,,,,-0.7541839360594917,,,,,,,,,,,
2018-07-23 10:07:00,,,,,,,,,,,,-0.9833292097485931,,,,,,,,,,,,,,,,,,
2018-07-23 10:58:00,,,,,,,,,,,,,,,,,,,,-0.626282602679701,,,,,,,,,,
2018-07-23 11:10:00,0.17079624681393613,,,,,,,,,,,,,,,,,,,,,,,,,,,,,
2018-07-23 11:36:00,,,,,,,,,-0.22045707022014183,,,,,,,,,,,,,,,,,,,,,
2018-07-23 11:47:00,,,,,,,,,,,,,,,,,,,,,,,,,,,,,,-0.2788403115810498
2018-07-23 12:51:00,,,,,,,,,,,-0.9507253469924921,,,,,,,,,,,,,,,,,,,
2018-07-23 13:03:00,,,,,,,,,0.06172847739511789,,,,,,,,,,,,,,,,,,,,,
2018-07-23 13:04:00,,,,,,,,,-0.053752412912531966,,,,,,,,,,,,,,,,,,,,,
2018-07-23 13:17:00,,,,,,,,,-0.7281253904170768,,,,,,,,,,,,,,,,,,,,,
2018-07-23 14:02:00,0.9025741193915009,,,,,,,,,,,,,,,,,,,,,,,,,,,,,
2018-07-23 14:07:00,,,,,,,,,,,,,,,,,,,,,,,,,,,,,0.5960195985119219,
2018-07-23 14:31:00,,,,,,,,,,,-0.10550600952624123,,,,,,,,,,,,,,,,,,,
2018-07-23 15:12:00,,,,,,,,,,0.6415459397932035,,,,,,,,,,,,,,,,,,,,
2018-07-23 15:16:00,,,-0.5886702830126413,,,,,,,,,,,,,,,,0.826582240648567,,,,-0.816752002593546,-0.6643095809918422,,,,,,
2018-07-23 15:52:00,0.4813449066167419,,,,,,,,,,,,,,,,,,,,,,,,,,,,,
2018-07-23 16:53:00,,,,,,,,,,,,,,,,,,,,,,,,,,-0.7525743924155395,,,,
2018-07-23 17:19:00,-0.18036871478244865,,,,,,,,-0.9761179149601589,0.21522767668724874,0.2672303159619569,,,,,,,,,,,,,,,-0.24499290069618818,,,0.7962891021890595,-0.13765484324097144
2018-07-23 17:23:00,,,,,,,,,,0.07336427761594999,,,,,,,,,,,,,,,,,,,,
2018-07-23 17:28:00,,,,,,,,,-0.6327569614155406,,,,,,,,,,,,,,,,,,,,,
2018-07-23 18:01:00,,,,,,,-0.9743169092939516,,,,,,,,,,,,,,,,,,,,,,,
2018-07-23 18:13:00,,,,,,,,,,,,,,-0.6954663870038507,,,,,,,,,,,,,,,,
2018-07-24 07:06:00,,,,,,,,,,,,,,,,,,,,,,,0.9272269787586545,,,,,,,
2018-07-24 08:29:00,,,,,,,,,0.13109076559325383,,,,0.1553719511891618,,,,,,,,,,-0.8705967047704921,,,,,,,
2018-07-24 08:33:00,,,0.4739750566523322,,,,,,,,,,,,,,,,,,,,,,,,,,,
2018-07-24 08:34:00,,,-0.005499529567349004,,,,,,,,,,,,,,,,,,,,,,,,,,,
2018-07-24 08:42:00,,,0.12305015972937872,,,,,,,,,,,,,,,,,,,,,,,,,,,
2018-07-24 08:47:00,,,0.11687580127242025,,,,,,,,,,,,,,,,,,,,,,,,,,,
2018-07-24 08:50:00,,,0.40660716537247765,,,,,,,-0.10986171431366643,,,,,,,,,,,,,-0.6292674575319843,,,,,,,
2018-07-24 08:54:00,,,-0.05313390451555189,,,,,,,-0.7697840313044957,,,,,,,,,,,,,0.8743954851730822,0.3935784553896653,,,,,,
2018-07-24 08:59:00,,,-0.9538648418435023,,,,,,,,,,,-0.2538901940498888,,,,,,,,,-0.0963063920287619,,,,,-0.18546299201597716,,
2018-07-24 09:25:00,,,,,,,,,,,,,,0.15809104600048585,,,,,,,,,,,,,,,,
2018-07-24 09:27:00,,,,,,,,,,,,,,0.8735836298846058,,,,,,,,,,,,,,,,
2018-07-24 09:35:00,,,-0.402220132210072,,,,,,,,,,,,,,,,,,,,,,,,,,,
2018-07-24 09:37:00,,,0.9351936242369345,,,,,,,,,,,-0.6986254465386852,,,,,,,,,,,,,-0.6934224883227702,,,
2018-07-24 09:49:00,,,-0.7453858928094383,,,,,,,,,,,,,,,,,,,,,,,,0.43482233095517087,0.6893681111841641,,
2018-07-24 09:51:00,,,-0.46433821469348513,,,,,,,,,,,,,,,,,,,,,,,,,,,
2018-07-24 10:02:00,,,-0.82828865405423,,,,,,,,,,,,,,,,,,,,-0.27666140720740473,,,,,,,
2018-07-24 10:08:00,0.8988324199374407,,0.74824766127219,,,0.058101412110445505,,,-0.11374062393364359,-0.618227250191445,-0.9666319948280777,,-0.7836341138480565,,,-0.2608683380856138,,,,,,,-0.15258995300775813,,,,,,0.21310576349297827,0.695227215994465
2018-07-24 10:17:00,-0.44631637553997505,,,,,,,,-0.44532887943736843,,,,,,,,,,,,,,,,,,,,,
2018-07-24 11:00:00,-0.5234775560024303,,,,,,,,-0.3768992630665873,-0.03496862999440897,-0.3051010601630959,,,,,,,,,,,,,,,0.44654916934344,,,-0.9556226774378842,0.925880273842588
2018-07-24 11:24:00,0.6405351187409001,,,,,,,,-0.08708128296682371,-0.44890250991974523,0.8211473772539382,,,,,,,,,,,,,,,0.5088592716405216,,,-0.4577551649748173,-0.5791856219132534
2018-07-24 11:54:00,,,,,,,,,0.9842764015188374,,,,,,,,,,,,,,,,,,,,,
2018-07-24 13:01:00,,,,,,,,,0.11474254675832463,,,,,,,,,,,,,,,,,,,,,
2018-07-24 13:15:00,,,,,,,,,,,,,,,,,,,,,,,,,,,,,0.8125277942534543,
2018-07-24 13:53:00,-0.6929684377506198,,,,,,,,,,,,,,,,,,,,,,,,,,,,,
2018-07-24 13:57:00,,,,,,,,,,,,,,,,,,,,,,0.7636063188918925,,,,,,,,
2018-07-24 15:04:00,-0.314648701758659,,,,,,,,,,,,,,,,,,,,,,,,,,,,,
2018-07-24 15:52:00,,,,,,,,,,,,,,-0.7136771936008819,,,,,,,,,,,,,,,,
2018-07-24 16:57:00,,,,,,,,,,,,,,-0.4798946605748664,,,,,,,,,,,,,,,,
2018-07-24 17:36:00,-0.6455384970591505,,,,,,,,,,,,,,,,,,,,,,,,,,,,,
2018-07-24 17:45:00,,,,,,,,,-0.11184282089049091,,,,,,,,,,,,,,,,,,,,,
2018-07-24 17:59:00,,,,,,,,,,,,,,,,,,,,,,,,,,,,,,0.26842984151267335
2018-07-24 18:06:00,,,,,,,,,,,0.7090361829025227,,,,,,,,,,,,,,,,,,,
2018-07-24 18:10:00,,,,,,,,,0.5242908783318103,,0.2172418966146814,,,,,,,,,,,,,,,,,,,
2018-07-24 18:23:00,,,,,,,,,,,,,,,,,,,,,,,,,,,-0.6821192452956331,,,
2018-07-24 18:24:00,,,,,,,,,,,,,,,,,,,,,,,,,,,-0.30394348042566377,,,
2018-07-24 18:25:00,,,,,,,,,,,,,,,,,,,,,,,,,,,0.5869885419411195,,,
2018-07-24 18:28:00,,,,,,,,,,,,,,,,,,,,,,,,,,,-0.7503409777914865,,,
2018-07-24 18:38:00,,,,,,,,,,,,,,,,,,,,,,-0.7499279144357516,,,,,,,,
2018-07-24 19:04:00,,,,,,-0.2886169656671631,,,,,,,,,,,,,,,,,,,,,,,,
2018-07-24 19:05:00,,,,,,0.9441148979398584,,,,,,,,,,,,,,,,,,,,,,,,
2018-07-24 20:57:00,,,,,,,,,,,,,,,,,,,,,,0.27149936004492914,,,,,,,,
2018-07-25 06:32:00,,,,,,,,,,,,,,,,,,,,,,,,,,,-0.06303335868502531,,,
2018-07-25 08:18:00,,,,,,,,,,,,,,,,,,,,,,,,,,,,0.3451769290858958,,
2018-07-25 08:24:00,,,,,,,,,,,,,,,,,,,,,,,0.5040372688847885,,,,,,,
2018-07-25 08:40:00,,,,-0.8371946627386218,,,,,,,,,-0.1807789627154779,-0.03565692405812526,,,,,,,,,,,,,,,,
2018-07-25 08:49:00,,,,,,,,,,,,,,,,,,,,,,,,,,,0.6891649645047258,,,
2018-07-25 08:58:00,,,,,,,,,,,,,,,,,,,0.8258321755997664,,,,,,,,,,,
2018-07-25 09:01:00,,,,,,,,,,,,,,,,,,,,,,,,,,,-0.8840591088941467,,,
2018-07-25 09:17:00,,,,,,,,,,,,,,,,,,,,0.7407190828172088,,,,,,,,,,
2018-07-25 09:25:00,0.659635687385034,,,,,,,,,,,,,,,,,,,,,,,,,,0.37812610684434933,,,
2018-07-25 09:27:00,,,,,,,,,,,,,,,,,,,,,,,,,,,0.9544173178444373,,,
2018-07-25 09:30:00,,,,,,,,,,,,,,,,,,,,,,,,,,,-0.6205372742353483,,,
2018-07-25 09:31:00,,,,,,,,,,,,,,,,,,,,,,0.9068681982557116,0.7572228912504804,,,,0.662059465765739,,,
2018-07-25 09:34:00,,,,,,,,,-0.5838766592909379,,,,,,,,,,,,,0.21100474893616705,,,,,0.8494883862955449,,,
2018-07-25 09:36:00,0.476777417758002,,,,,,,,,,,,,,,,,,,,,0.7382399236485593,,,,,,0.745882983005802,,
2018-07-25 09:38:00,,,,,,,,,,,,,,,,,,,,,,,,,,,-0.6716376299883076,,,
2018-07-25 09:39:00,,,,,,,,,,,,,,,,,,,,,,-0.8863478002923948,,,,,-0.3527064935880946,,,
2018-07-25 09:47:00,,,,,,,,,,,,,,,,,,,,,,,,,,,-0.9830277149103366,,,
2018-07-25 09:53:00,,,,,,-0.43556923924963664,,,,,,,,,,,,,,,,-0.38452938563332495,,,,,0.6311044914786994,-0.33434672991527203,,
2018-07-25 10:02:00,,,,,,,,,,,,,,,,,,,,,,,,,,,-0.3401503384220441,,,
2018-07-25 10:03:00,-0.04498988847304686,,,,,-0.5347146911507683,,,0.4586853754457487,0.39762995421925473,0.25810552532829356,,,,,,,,,,-0.2760557602663354,,0.7222808189275578,,,,,,-0.2667986846070507,-0.8009247720232413
2018-07-25 10:52:00,0.30083480774432125,,,,,,,,,,,,,,,,,,,,,,,,,,,,,
2018-07-25 10:56:00,,,,,,,,,0.045822421131118896,,,,,,,,,,,,,,,,,,,,,
2018-07-25 10:57:00,,,,,,,,,0.6148490872465491,,,,,,,,,,,,,,,,,,,,,
2018-07-25 11:09:00,,,,,,,,,,,,,,,,,,,,,,,,,,,-0.7188061462046187,,,
2018-07-25 11:11:00,,,,,,,,,,,,,,,,,,,,,-0.7026844357049669,,,,,,,,,
2018-07-25 11:22:00,,,,,,,,,,,,,,,,,,,,-0.07713385050209354,,,,,,,,,,
2018-07-25 11:26:00,,,,,,,,,,,,,,,,,,,,0.9785107207237909,,,,,,,,,,
2018-07-25 11:27:00,,,,,,,,,,,,,,,,,,,,,,,0.5302696227753583,,,,-0.9381818077516739,,,
2018-07-25 11:29:00,,,,,,,,,,,,,,,,,,,,,,,,,,,-0.17623509506037616,,,
2018-07-25 11:44:00,0.13742487384055968,,,,,,,,,,,,,,,,,,,,,,,,,,,,,
2018-07-25 12:17:00,,,,,,,,,,,,,,,,,,,,,,-0.4145654089579167,,,,,,,,
2018-07-25 12:23:00,,,,,,,,,,,,,,,,,,,,,,,,,,,,,,-0.8668342472757271
2018-07-25 12:53:00,,,,,,,,,,,,,,,,,,,,,,,,,,,0.5968226204070872,,,
2018-07-25 13:00:00,,,,0.6358236446362102,,,0.5445161825471174,,0.5630653823182519,,,,,,,-0.4275351440609694,,,,-0.046650754183440224,,0.39968307238197776,,,-0.35399907394477936,,,0.8160759962913251,,
2018-07-25 13:01:00,,,,,,,,,0.0362018620215907,,,,,,,,,,,,,,,,,,,,,
2018-07-25 13:02:00,,,,,,,,,0.6119321106063855,,,,,,,,,,,,,,,,,,,,,
2018-07-25 13:15:00,,,,,,,,,,,,,,,,,,,,,,,,,,,0.5705795818131465,,,
2018-07-25 13:34:00,,,,,,,,-0.7190777282163929,,,,,,,,,,,,,,,,,,,,,,
2018-07-25 13:57:00,,,,,,,,,,,,,0.5278896110273208,,,,,,,,,,,,,,,,,
2018-07-25 14:51:00,,,,,,,,,,,,,,,,,,,,,,,0.6632923269095647,,,,,,,
2018-07-25 14:57:00,,,,,,,,,,0.08004897177463044,,,,,,,,,,,,,,,,,,,,
2018-07-25 15:07:00,,,,,,,,,,,,,,,,,,,,,,,-0.6002388790720077,,,,,,,
2018-07-25 15:32:00,,,0.32975097045142543,0.07380005944718482,,-0.1290036754133117,,0.05855161459375391,,,,,,,,0.808052013818026,0.36068063282136253,,0.7051269110594955,,,,,,,,,0.48422377356497415,,
2018-07-25 15:33:00,,,,,,,0.10839307083667116,,,,,,,,-0.08989937267681625,,,0.574102505234142,,,,,,,-0.3951822457189962,,,,,
2018-07-25 15:36:00,,,,,,,,,,,,,,,,,,,,,,,,,,,-0.6318092122009749,,,
2018-07-25 15:38:00,,,-0.33110836780929453,0.2812479442095246,,0.746251911487501,-0.0423839943736779,-0.11497962758207114,,,,,,,-0.19641131271062862,-0.46639085248317613,-0.2135287108552233,-0.7718356445762857,0.339944169935535,,,,,,-0.9583742668434723,,,0.5625943846868184,,
2018-07-25 15:41:00,,,-0.7489372998792796,,,,,,,,,,,,,,,,,,,,,,,,,,,
2018-07-25 15:43:00,,,0.9928117211901799,,,,,,,,,,,,,,,,,,,,,,,,,,,
2018-07-25 15:59:00,,,,,,,,,,,,,,,-0.6744979945699263,,,,,,,,,,,,,,,
2018-07-25 16:08:00,,,,,,,,,,,,,,,-0.17780359800848244,,,,,,,,,,,,,,,
2018-07-25 16:28:00,,,,,,,,,,,,,,,,,,,,,,,,,,,,,,0.5787434734357102
2018-07-25 16:47:00,,,,,,,,,,,,,,,-0.09109767043938732,,,,,,,,,,,,,,,
2018-07-25 16:57:00,,,,,,,,,,,,,,,,,,,,,,,,,,,,,,0.6420572894316479
2018-07-25 17:51:00,,,,,,,,,-0.3880750612704147,,,,,,,,,,,,,,,,,,,,,0.13223315944574754
2018-07-25 18:09:00,,,,,,,,,,,,,,,,,,,,,,,,,,,,-0.8699591423352568,,
2018-07-25 18:11:00,0.9639157778159402,,,,,,,,,,,,,,,,,,,,,,,,,,,,,
2018-07-25 18:12:00,-0.0021934757506818503,,,,,,,,,,,,,,,,,,,,,,,,,,,,,
2018-07-25 18:13:00,-0.23339674836411084,,,,,,,,,,,,,,,,,,,,,,,,,,,,,
2018-07-25 18:33:00,,,,,,,,,,,,,,,,,,,,,,0.3826632796922651,,,,,,,,
2018-07-25 18:34:00,,,,,,,,,,,,,,,,,,,,,,-0.9258156763386725,,,,,,,,
2018-07-25 22:01:00,,,,,,,,,,,,,,,,,,,,,,-0.4224676365147013,,,,,,,,
2018-07-26 06:30:00,0.16275225324139453,,,,,,,,,,,,,,-0.42713384248611797,,,,,,,0.10292316771853267,,,,,,-0.19358482113042363,,
2018-07-26 08:34:00,,,,,,,,,,,,,-0.7222277733167171,,,,,,,-0.004549127996780644,,,,,,,,-0.9997377617791647,,
2018-07-26 08:48:00,-0.9186866831268214,,,,,,,,,,,,,,,,,,,,,-0.6958046471658315,,,,,,0.026233448831777473,,
2018-07-26 09:00:00,0.755175419060965,,,,,,,,,,,,,,,,,,,,,-0.7476685539925412,,,,,,,,
2018-07-26 09:09:00,0.26557513076350525,,,,,,,,,,,,,,,,,,,,,0.512860184321432,,,,,,,,
2018-07-26 09:10:00,,,,,,,,,,,,,,,,,,,,-0.42270500467094996,,,,,,,,0.968714944198223,,
2018-07-26 09:12:00,,,,,,,,,,,,,,,,,,,,,,,,,,,0.5743936323017744,,,
2018-07-26 09:14:00,0.5898724314824582,,,,,,,,0.5749766036707884,,,,,,,,,,,,,-0.08880261768388276,,,-0.3336749863169155,,,-0.49339309871271375,,
2018-07-26 09:15:00,,,,,,,,,,,,,,,-0.10791268036848067,,,,,,,0.06268837515958237,,,,,,,,
2018-07-26 09:16:00,,,,,,,,,,,,,,,,,,,,,,-0.8453045017551448,,,,,,,,
2018-07-26 09:23:00,-0.19640413253471678,,,,,,,,,,,,,,,,,,,,,,,,,,,,,
2018-07-26 09:24:00,-0.8594976908025977,,,,,,,,,,,,,,,,,,,,,0.9249373310158338,,,,,,,,
2018-07-26 09:32:00,0.4692219469231662,,,,,,,,,,,,,,,,,,,,,,,,,,,,,
2018-07-26 09:34:00,,,,,,,,,,,,,,,,,,,,,,-0.5878059650007164,,,,,,,,
2018-07-26 09:35:00,-0.3557904658405002,,,,,,,,,,,,,,,,,,,,,,,,,,,,,
2018-07-26 09:37:00,0.6500732497396484,,,,,,,,,,,,,,-0.9007957116399188,,,,,,,0.7307737668912972,,,,,,,,
2018-07-26 09:41:00,0.40178114491229633,,,,,,,,-0.9553706739521508,,,,,,,,,,,,-0.34324023389226066,,,,0.6932623143141221,,,-0.406215670133276,,
2018-07-26 09:42:00,,,,,,,,,,,,,,,,,,,,,,-0.450139998019186,,,,,,,,
2018-07-26 09:49:00,0.5154071928415371,,,,,,,0.2306896042885409,,,,,,,,,,,,,,-0.6106682321592558,,,,,,0.8773122181483668,,
2018-07-26 09:57:00,,,,,,-0.9394834709936788,,,,,,,,,,,,,,,,,,,,,,,,
2018-07-26 10:01:00,-0.9910438592141204,,,,,,,,,,,,,,,,,,,,,0.27025740393779096,,,,,,,,
2018-07-26 10:05:00,,,0.4525233796709285,,,,,,,,,,,,0.9598185785569422,,,,,,,0.5723831693543686,,,,,,0.010463081107422667,,
2018-07-26 10:11:00,,,,,,,,,,,,,0.6718722064350497,,,,,,,,,,,,,,,,,
2018-07-26 10:15:00,,,,,,,,,,,,,,,,,,,,,,0.9584297124148189,,,,,,,,
2018-07-26 10:17:00,0.09826843509167471,,,,,-0.956836880584012,,,0.4695318213523949,0.7167629446998696,-0.0013037093963386148,,,,,0.5060839321878934,,,0.03588449092903501,0.2633812789982577,,,0.6863938549923789,,,,,,-0.6557287810340264,-0.00358787681084638
2018-07-26 10:30:00,,,,,,,,,,,,,,,,,,,,,,-0.13222400339205975,,,,,,,,
2018-07-26 10:38:00,,,,,,,,,,,,,,,,,,,,,,0.1078361742225995,,,,,,,,
2018-07-26 10:41:00,0.5637346979698257,,,,,,,,,,,,,,,,,,,,,,,,,,,,,
2018-07-26 10:42:00,-0.03324565629072973,,,,,,,,,,,,,,,,,,,,,,,,,,,,,
2018-07-26 10:43:00,,,,,,,,,0.30969103372739415,,,,,,,,,,,,,,,,,,,,,
2018-07-26 10:46:00,,,,,,,,,,,,,,,,,,,,,,,,,,,,,,-0.6657596329301783
2018-07-26 10:47:00,-0.8500820456701319,,,,,,,,-0.3512503168369121,,,,,,,,,,,,,,,,,,,,,
2018-07-26 10:48:00,,,,,,,,,,0.8985142376557305,0.5835432241628511,,,,,,,,,,,,,,,,,,,
2018-07-26 10:49:00,,,,,,,,,,,,,,,,,,,,,,,,,,,,,-0.22445070743043494,
2018-07-26 10:58:00,-0.9659546714124443,,,,,,,,0.615233323095481,,,,,,,,,,,,,,,,,,,,,0.8026840343062898
2018-07-26 11:00:00,,,,,,,,,,,,,,,,,,,,,,-0.3242939331645045,,,,,,,,
2018-07-26 11:11:00,0.9479417893431468,,,,,,,,,,,,,,,,,,,,,,,,,,,,,
2018-07-26 11:14:00,,,,,,,,,,,,,,,,,,,,,,-0.4002532362033904,,,,,,,,
2018-07-26 11:51:00,,,,,,,,,,,,,,,,,,,,,,0.5323636635670821,,,,,,,,
2018-07-26 12:00:00,,,,,,,,,,,,,,,,,,,,,,-0.9458989548463546,,,,,,,,
2018-07-26 12:12:00,,,,,,,,,,,,,,,,,,,,,,-0.8219586014125484,,,,,,,,
2018-07-26 12:47:00,,,,,,,,,,,-0.7896665295415015,,,,,,,,,,,,,,,,,,,
2018-07-26 13:04:00,,,,,,,,,0.8215099930482539,,,,,,,,,,,,,,,,,,,,,
2018-07-26 13:05:00,,,,,,,,,0.34762872359472174,,,,,,,,,,,,,,,,,,,,,
2018-07-26 13:12:00,,,,,,,,,,,,,,,,,,,,,,-0.22677576141366673,,,,,,,,
2018-07-26 13:16:00,,,,,,,,,,,-0.21011363440263908,,,,,,,,,,,,,,,,,,,
2018-07-26 13:31:00,,,,,,,,,,,,,,,,,,,,,,0.3350368752106112,,,,,,,,
2018-07-26 14:13:00,,,,,,-0.6519953440165311,,,,,,,,,,,,,,,,,,,,,,,,
2018-07-26 14:14:00,,,,,,,,,-0.8051502079055446,,,,,,,,,,,,,,,,,,,,,
2018-07-26 14:15:00,,,,,,,,,0.011109992898565846,,,,,,,,,,,,,,,,,,,,,
2018-07-26 14:16:00,,,,,,,,,,,,,,,,,,,-0.8549317324345402,,,,,,,,,,,
2018-07-26 14:36:00,-0.16117796316284694,,,,,,,,,,,,,,,,,,,,,,,,,,,,,
2018-07-26 14:37:00,-0.6286557807358344,,,,,,,,,,,,,,,,,,,,,,,,,,,,,
2018-07-26 14:58:00,,,,,-0.6699159433305184,,,,,,,,,,,,,,,,,,,,,,,,,
2018-07-26 15:08:00,,,,,,,,,,,,,,0.551566232003692,,,,,,,,,,,,,,,,
2018-07-26 15:33:00,,,,,,,,,,,,,,,,,,,,,,-0.9146199534509953,,,,,,,,
2018-07-26 15:34:00,,,,,,,,,,,,,,,,,,,,,,-0.3241097707683187,,,,,,,,
2018-07-26 15:36:00,,,,,,,,,,,,,,,,,,,,,,,,,,,,,,-0.5577345024620262
2018-07-26 15:38:00,,,,,,,,,,,,,,,,,,,,,,,,,,,,,-0.7688128635442502,
2018-07-26 15:39:00,,,,,,,,,,,,,,,,,,,,,,,,,,,,,-0.26406979909357964,
2018-07-26 15:55:00,,,,,,,,,,,,,,,,,,,,,,,,,,,,-0.12671892897662485,,
2018-07-26 16:51:00,0.43022299123363994,,,,,,,,,,,,,,,,,,,,,,,,,,,,,
2018-07-26 16:52:00,-0.05555987498348536,,,,,,,,,,,,,,,,,,,,,,,,,,,,,
2018-07-26 17:16:00,,,,,,,,,-0.8840897027422443,,,,,,,,,,,,,,,,,,,,,
2018-07-26 17:49:00,,,,,,,,,,,-0.005283447410284525,,,,,,,,,,,,,,,,,,,
2018-07-26 18:11:00,,,,,,,,,-0.2993721876481775,,,,,,,,,,,,-0.7095298581171654,,,,,,,,,
2018-07-26 18:12:00,,,,,,,,,-0.0007399359419147933,,,,,,,,,,,,0.5358918494758167,,,,,,,,,
2018-07-26 18:13:00,,,,,,,,,-0.2482148938300318,,,,,,,,,,,,,,,,,,,,,
2018-07-26 18:22:00,,,,,,,,,-0.864218324964267,,,,,,,,,,,,,,,,,,,,,
2018-07-26 18:24:00,,,,,,,,,-0.15849039930884734,,,,,,,,,,,,,,,,,,,,,
2018-07-26 18:25:00,,,,,,,,,,,,,,,,,,,,,0.002047465295901274,,,,,,,,,
2018-07-26 18:29:00,,,,,,,,,,,,,,,,,,,,,0.2578370687812679,,,,,,,,,
2018-07-26 19:15:00,,,,,,,,,,,,,,,,,,,,,,,,,,,,,-0.2344505803411696,
2018-07-26 19:16:00,,,,,,,,,,,,,,,,,,,,,,,,,,,,,-0.02612993629591065,
2018-07-26 19:17:00,,,,,,,,,,,,,,,,,,,,,,,,,,,,,-0.9900875669580902,
2018-07-26 21:53:00,,,,,,,,,,,,,,,,,,,,,,,,,0.32753171629661026,,,,,
2018-07-26 22:01:00,,,,,,,,,,,,,,,,,,,,,,,,,0.4408583885384503,,,,,
2018-07-26 22:03:00,,,,,,,,,,,,,,,,,,,,,,,,,0.012899795961376803,,,,,
2018-07-27 06:29:00,,,,,,,,,0.09005713947379128,,,,,,,,,,,,-0.20643251744715693,,,,-0.45563008861934673,,,,,
2018-07-27 06:30:00,,,,,,,,,0.9956062652012194,,,,,,,,,,,,0.5110394190716223,,,,,,,,,
2018-07-27 07:26:00,,,,,,,,,0.8163102164623566,,,,,,,,,,,,,,,,,,,,,
2018-07-27 07:32:00,0.39693330891979195,,,,,,,,0.0875755163604528,,-0.07038585460802715,,,,,,,,,,,,,,,,,,0.7949785717435418,-0.38449631659635664
2018-07-27 08:39:00,,,0.5411006402542102,,,,,,,,,-0.030730476709152743,,,,,,,-0.8746025356145919,,,,,,,,,-0.5887764091525138,,
2018-07-27 08:52:00,,,,,,,,,0.6595227118315918,,,,,,,,,,,,-0.8573589790141716,,,,-0.842177985863702,,,,,0.29502333799548097
2018-07-27 08:54:00,,,,,,,,,,,,,,,,,,,,,-0.36119468923908715,,,,-0.7676470080512257,,,,,
2018-07-27 08:55:00,,,,,,,,,-0.6162241563318442,,,,,,,,,,,,,,,,-0.8129506537918629,,,,,
2018-07-27 09:05:00,,,,,,,,,0.6368181568003553,,,,,,,,,,,,0.7223722446067309,,,,0.01381377486976576,,,,,
2018-07-27 09:09:00,,,,,,,,,0.1879767212753487,,,,,,,,,,,,,,,,,,,,,
2018-07-27 09:10:00,,,,,,,,,,,,,,,,,,,,,0.0849007492406384,,,,,,,,,
2018-07-27 09:11:00,,-0.7405564291670439,,,,,,,,,,,,-0.8538931474062235,0.7200238125843119,,,,,,,,,,-0.03566989633310924,-0.37068277492404333,,,,
2018-07-27 09:15:00,,,,,,,,,-0.07567228814737925,,,,,,,,,,,,,,,,,,,,,
2018-07-27 09:16:00,,,,,,,,,,,,,,,,,,,,,0.12932646840872297,,,,,,,,,
2018-07-27 09:17:00,,,,,,,,,-0.4145346325901911,,,,,,,,,,,,0.536332931254103,,,,,,,,,
2018-07-27 09:25:00,,,,,,,,,0.45059027214415437,,,,,,,,,,,,-0.10942940169159043,,,,0.9454578697735545,-0.7119787408898579,,,,
2018-07-27 09:27:00,,,,,,,,,,,,,,,,0.6250237416308033,,,,,,,,,,,,,,
2018-07-27 09:34:00,,,,,,,,,,,,,,,,,,,,,,,,,0.1919225219190288,,,,,
2018-07-27 09:36:00,,,,,,,,,,,,,,,,,,,,,,,,,-0.05734668106183416,,,,,
2018-07-27 09:48:00,,,,,,,,,0.8366827701632242,,,,,,,,,,,,,,,,,,,,,
2018-07-27 09:49:00,,,,,,,,,0.691709991430187,,,,,,,,,,,,,,,,,,,,,
2018-07-27 09:50:00,,,,,,,,,,,,,,,,,,,,,,,,,-0.8659999095186308,,,,,
2018-07-27 09:51:00,,,,,,,,,-0.3891176253917601,,,,,,,,,,,,,,,,,,,,,
2018-07-27 09:52:00,,,,,,,,,-0.17087800718629298,,,,,,,,,,,,-0.5264595675732076,,,,-0.866860819409573,,,,,
2018-07-27 09:57:00,,,,,,,,,,,,,,,,,,,,,,,,,0.5860670397096805,,,,,
2018-07-27 09:59:00,,,,,,,,,,,,,,,,,,,,,,,,,0.28622367999781373,,,,,
2018-07-27 10:00:00,,,,,,,,,,,,,,,,,,,,,,,,,,,,,,0.7280180389689528
2018-07-27 10:01:00,,,,,,,,,,,,,,,,,,,,,,,,,,,,0.3074710849956417,,
2018-07-27 10:07:00,,,,,,,,,-0.36238550675524106,,,,,,,,,,,,0.9274721584888055,,,,-0.6545760272630488,,,,,
2018-07-27 10:10:00,,,,,,,,,0.16493063920145468,,,,,,,,,,,,,,,,,,,,,
2018-07-27 10:12:00,,,,,,,,,,,,,,,,,,,,,,,,,,,-0.7041915382151949,,,
2018-07-27 10:16:00,,0.2688916627013549,,,,,,,,,,,,,,,,,,,,,,,-0.5552098796637279,-0.8102743974086437,,,,
2018-07-27 10:17:00,-0.14321182287257794,,,,,-0.4322387584384517,-0.4030575945231061,,0.15223622012249804,0.9723278459129157,-0.5416992811144088,,,,,,,,,-0.07396578314898661,0.05376349041750772,-0.13542477763342775,0.8297407677962925,,0.9027616887100507,,,,0.517901811668581,-0.023243655825482268
2018-07-27 10:22:00,,,,,,,,,,,,,,,,,,,,,,-0.3145901315653761,,,,,,,,
2018-07-27 10:25:00,,,,,,,,,-0.28387906397903606,,,,,,,,,,,,,,,,,,,,,
2018-07-27 10:38:00,,,,,,,,,-0.7160461086221266,,,,,,,,,,,,,,,,,,,,,
2018-07-27 10:40:00,,,,,,,,,,,,0.35474634818330375,,,,,,,,,,,,,,,,,,
2018-07-27 10:42:00,-0.955002581385189,,,,,,,,,,,,,,,,,,,,,,,,,,,,,
2018-07-27 10:44:00,,,,,,,,,,,,,,,,,,,,,,,,,,,,,0.550920810264377,
2018-07-27 10:53:00,,,,,,,,,-0.3881232418873011,,,,,,,,,,,,,,,,,,,,,
2018-07-27 10:57:00,,,,,,,,,,,,,,,,,,,,,,,,,0.7848420569975281,,,,,
2018-07-27 10:59:00,,,,,,,,,,,,,,,,,,,,,,,,,-0.8076790571006358,,,,,
2018-07-27 11:03:00,,,,,,,,,,,,,,,,,,,,,,,,-0.7971914842016261,,,,,,
2018-07-27 11:09:00,,,,,,,,,-0.21286438937889796,,,,,,,,,,,,,,,,,,,,,
2018-07-27 11:26:00,,,,,,,,,,,,,,,,,,,,,-0.6611128348313624,,,,,,,,,
2018-07-27 11:45:00,,,,,,,,,,,,,,,,,-0.5184393123520548,,,,,,,,,,,,,
2018-07-27 11:50:00,,,,,,,,,,,,,,,,,,,,,,,-0.21484212601396946,,,,,,,
2018-07-27 12:18:00,,,,,,,,,,,,,,,,,,,,,0.9175778643820887,,,,,,,,,
2018-07-27 12:29:00,,,,,,,,,,,,,,,,,,,,,,,,,-0.510054883617387,,,,,
2018-07-27 13:02:00,,,,,,,,,0.5784669927846129,,,,,,,,,,,,,,,,,,,,,
2018-07-27 13:16:00,,,,,,,,,,,,,,,,,,,,,,,,,,,,,0.8962196582266937,
2018-07-27 13:28:00,,,,,,,-0.1572814367074522,,,,,,,,,,,,,,,,,,,,,,,
2018-07-27 13:42:00,,,,,,,,,0.9031637381651139,,,,,,,,,,,,,,,,,,,,,
2018-07-27 13:50:00,,,,,,,,,0.5249938986124012,,,,,,,,,,,,,,,,,,,,,
2018-07-27 14:09:00,,,,,,,,,,,,,,,,,,,,,-0.7047239164368737,,,,,,,,,
2018-07-27 14:36:00,,,,-0.39317342810162526,,,,,,,,,,,,,,,,,,,,,,,,,,
2018-07-27 14:44:00,,,,,,,,,,,,,,,,,,,,,-0.5847144711355325,,,,,,,,,
2018-07-27 15:13:00,,,,,,,,,,,,,,,,,,,,,,,-0.3206345814867442,,,,,,,
2018-07-27 15:46:00,,,,,,,,,,,,,,,,,,,,,,0.20416897063019857,,,,,,,,
2018-07-27 16:07:00,,,,,,,,,,,,,,,,,,,,,,,0.7677785685684493,,,,,,,
2018-07-27 16:37:00,,,,,,,,,,,,,,,,,,,,,,,,,,,,,,0.7684552088934347
2018-07-27 17:03:00,-0.11628477014387939,,,,,,,,,,,,,,,,,,,,,,,,,,,,,
2018-07-27 17:04:00,0.27392225104766516,,,,,,,,,,,,,,,,,,,,,,,,,,,,,
2018-07-27 17:46:00,-0.3420275056883486,,,,,,,,,,,,,,,,,,,,,,,,,,,,0.6036661449004914,
2018-07-27 18:02:00,,,,,,,,,,-0.6794500976347533,,,,,,,,,,,,,,,,,,,,
2018-07-27 18:11:00,,,,,,,,,,,,,,,,,,,-0.08612483379612001,,,,,,,,,,,
2018-07-27 18:12:00,,,,,,,,,,,,,,,,,,,0.42067091374079113,,,,,,,,,,,
2018-07-27 18:16:00,,,,,,,,,,,,,,,,,,,,,,,,,,-0.938427469859948,,,,
2018-07-27 18:17:00,,-0.9131865875240164,,,,,,,,,,,,,,,,,,,,,,,,0.5343507637514189,,,,
2018-07-27 18:18:00,,0.23452799897306797,,,,,,,,,,,,,,,,,,,,,,,,0.298395510305578,,,,
2018-07-27 18:19:00,,-0.9449369703270933,,,,,,,,,,,,,,,,,,,,,,,,-0.18164621285489269,,,,
2018-07-27 18:28:00,,,,,,,,,,,,,,,,,,,,,,,,,,,,,-0.5143184449114413,
2018-07-27 18:29:00,,-0.3879759196526744,,,,,,,,,,,,,,,,,,,,,,,,,,,-0.7963306884585546,
2018-07-27 18:43:00,,,,,,,,,,,,,,,,,,,,-0.47740611974842717,,,,,,,,,,
2018-07-27 18:44:00,,,,,,,,,,,,,,,,,,,-0.025936244548928178,-0.2952284803078552,,,,,,,,,,
2018-07-27 23:41:00,,,,,,,,,,,,,,,,,,,-0.5268576576189115,,,,,,,,,,,
2018-07-27 23:42:00,,,,,,,,,,,,,,,,,,,-0.42352935220064003,,,,,,,,,,,
2018-07-28 03:08:00,,,,,,,,,,,,,,,,,,,-0.5401840133978015,,,,,,,,,,,
2018-07-28 03:10:00,,,,,,,,,,,,,,,,,,,-0.6304688153463853,,,,,,,,,,,
2018-07-30 06:21:00,,0.4462187300978615,,,,,,,,,,,,,,,,,,,,,,,,,,,,
2018-07-30 06:33:00,,,,,,,,,,,,,,,,,,,,,,,,,,-0.3507650665629055,,,,
2018-07-30 06:34:00,,,,,,,,,,,,,,,,,,,,,,,,,,-0.11451896800200505,,,,
2018-07-30 06:35:00,,0.18169858476218045,,,,,,,,,,,,,,,,,,,,,,,,,,,,
2018-07-30 06:36:00,,,,,,,,,,,,,,,,,,,-0.18941207753895473,0.4029262635611395,,,,,,,,,,
2018-07-30 06:37:00,,,,,,,,,,,,,,,,,,,-0.055390435182036346,,,,,,,,,,,
2018-07-30 06:39:00,,0.6559673554057239,,,,,,,,,,,,,,,,,,,,,0.02400936746878779,,,,,,,
2018-07-30 06:40:00,,,,,,,,,,,,,,,,,,,-0.7478257874637722,,,,,,,0.33977496248326955,,,,
2018-07-30 06:44:00,,,,,,,,,,,,,,,,,,,,,,,,,0.019117947673296998,,,,,
2018-07-30 08:42:00,,,-0.2754917230688976,,,,-0.7629214327701432,,,,,,,,,,0.956980575276976,,,,,,,-0.024383032355447698,,,,,,
2018-07-30 08:52:00,,-0.7876440749542277,,,,,,,,,,,,,,,,,0.8869827262503798,-0.548672774394281,,,,,,0.2877949290627828,,,,
2018-07-30 08:55:00,,-0.630559253191977,,,,,,,,,,,,,,,,,,,,,,,,,,,,
2018-07-30 09:03:00,,,,,,,,,,,,,,0.6850162218314111,,,,,,,,,,,,,,,,
2018-07-30 09:04:00,,,-0.9348765115938815,,,,-0.4296154817633189,,,,,,,0.5710302929554476,,,,,,,,,,,,,,,,
2018-07-30 09:12:00,-0.7726956902078685,-0.9020253790815351,-0.600799486226516,,,0.07572158460841893,0.8369327295017022,0.1412350122574677,-0.6575224411411003,-0.9437374696074501,-0.4299385153766042,0.8885967689948435,,,-0.8235566968057293,0.3867394966252651,0.33686687265650184,0.41735100209807174,,,-0.24025345923544705,-0.8382967825870418,-0.6993971675752981,0.23122191710503115,-0.7193713708612828,-0.19094200937816952,-0.9218077032421179,-0.9907391505156875,-0.8269438077286666,-0.11608732948973643
2018-07-30 09:14:00,,,,,,,,,,,,-0.7637028288447274,,,-0.2659330949097738,,,,,,,,,,,,,,,
2018-07-30 09:16:00,,,,,,,,,,,,,,,,,,,,,,,,,,-0.5597495658863139,,,,
2018-07-30 09:19:00,,0.2188493597549548,,,,,,,,,,,,,,,,,-0.935220591956085,0.2013155136030651,,-0.4244505475802718,,,,,,,,
2018-07-30 09:20:00,,,,,,,,,,,,,,,,,,,,,,,,,,0.18368892954964156,,,,
2018-07-30 09:26:00,,,,,,,,,,,,,,,,,-0.5965966591475975,,,,,,,,,,,,,
2018-07-30 09:27:00,,,,,,,,,,,,,,,,,,,-0.325217478099727,,,,,,,,,,,
2018-07-30 09:32:00,,0.31817414724347715,,,,,,,,,,,,,,,,,,,,,,,,,,,,
2018-07-30 09:35:00,,0.5042700929307748,,,,,,,,,,,,,,,,,,,,,,,,,,,,
2018-07-30 09:36:00,,,,,,,,,,,,,,,,,,,,,,,,,,0.3676806225924507,,,,
2018-07-30 09:43:00,,-0.9838105248534423,,,,,,,,,,,,,,,,,,0.1628581123934767,,,,,,,,,,
2018-07-30 09:44:00,,,,,,,,,,,,,,,,,,,,,,,,,0.09740684986823056,,,-0.9021790498919564,,
2018-07-30 09:45:00,,,,,,,,,,,,,,,,,,,0.5984919829155837,-0.9600391268342712,,,,,,-0.5144669212596809,,,,
2018-07-30 09:47:00,,0.5005884240333456,,,,,,,,,,,,,,,,,,,,,,,,,,,,
2018-07-30 09:49:00,,,,,,,,,,,,,,,,,,,-0.9826125686689351,,,,,,,0.3766881966988689,,,,
2018-07-30 09:50:00,,0.1400865215081708,,,,,,,,,,,,,,,,,,-0.5020341798636562,,,,,,,,,,
2018-07-30 09:54:00,,0.5175112697336974,,,,,,,,,,,,,,,,,-0.8925051653347014,-0.5994001477769768,,,,,,0.7569945954163366,,,,
2018-07-30 09:57:00,,,,,,,,,,,,,,,,,,,,,,,,,,,,-0.06831238906952253,,
2018-07-30 09:59:00,,,,,,,,,,,,,,,,,,,,-0.6212371196770614,,,,,,,,,,
2018-07-30 10:06:00,,0.4135180321662615,,,,,,,,,,,,,,,,,,,-0.18220024002331803,,,,,,,,,
2018-07-30 10:07:00,,-0.963444721559473,,,,,,,,,,,,,,,,,0.09546383184489649,-0.03343444338163459,,,,,,,,,,
2018-07-30 10:08:00,,,,,,,,,,,,,,,,,,,,,,,,,,-0.0010305559554368848,,,,
2018-07-30 10:09:00,,,,,,,,,,,,,,,,,0.4197311651297071,,,,,,,,,,,,,
2018-07-30 10:10:00,,0.5359202922505515,,,,,,,,,,,,,,,,,,,,,0.9250068951245793,,,,,,,
2018-07-30 10:11:00,,-0.5600501209253286,,,,,,,,,,,,-0.39294636924529813,-0.13097401095239047,,,,,,,,,,-0.059962442970644236,,,,,
2018-07-30 10:27:00,,,,,,,,,0.14562187875519728,,,,,,,,,,,,,,,,,,,,,
2018-07-30 10:47:00,,,,,,,,,,,,,,,,,,,-0.566698379558354,,,,,,,,,,,
2018-07-30 11:38:00,,,,,,,,,,,,,,,,,,,,,,,,,,0.7544615430236867,,,,
2018-07-30 11:47:00,0.3796847435705337,,,,,,,,,,,,,,,,,,,,,,,,,,,,,
2018-07-30 12:03:00,,,,0.9346191765967444,,,-0.3260188467471361,,,,,,,,,,-0.03406722701053311,,,,,,,,,,,-0.26853101098942367,,
2018-07-30 12:13:00,,0.29601103442347254,,,,,,,,,,,,,,,,,,,,,,,,,,,,
2018-07-30 12:44:00,,0.971763278049314,,,,,,,,,,,,,,,,,,,,,,,,,,,,
2018-07-30 12:45:00,,-0.637277675684012,,,,,,,,,,,,,,,,,,,,,,,,,,,,
2018-07-30 13:00:00,,,,,,,,,-0.22804303499875433,,,,,,,,,,,,,,,,,0.3519918303624039,,,,
2018-07-30 13:02:00,-0.6085401401074861,,,,,,,,0.3001765242757821,,-0.06989040713910799,,,,,,,,,,,,,,,,,,,-0.10111712251050253
2018-07-30 13:05:00,,,,,,,,,,,,,,,,,,,,,,0.17515939669971003,,,,,,,,
2018-07-30 13:06:00,,,,,,,,,,,,,,,,,,,,,,-0.7216196199640785,,,,,,,,
2018-07-30 13:53:00,,,,,,,,,-0.3700386669967779,,,,,,,,,,,,,,,,,,,,,
2018-07-30 14:09:00,,,,,,,,,,,,,,,,,,,,,0.5278500716186325,,,,,,,,,
2018-07-30 14:11:00,,,,,,,,,,,,,,,,,,,,,0.31470995543346003,,,,,,,,,
2018-07-30 14:13:00,,-0.34069094763820806,,,,,,,,,,,,,,,,,,,,,,,,,,,,
2018-07-30 14:18:00,,,0.2818084375114007,,,,,,,,,,,,,,,,-0.43611267412560717,0.8569708055426002,,,0.8626828686780346,-0.315010040922165,,,,,,
2018-07-30 14:32:00,,0.8938326424411858,,,,,,,,,,,,,,,,,,,,,,,,,,,,
2018-07-30 14:33:00,,,,,,,,,,,,,,,,,,,0.005677598609506118,,,,,,,,,,,
2018-07-30 15:19:00,,,,,,,,,,0.9464027492022462,,,,,,,,,,,,,,,,,,,,
2018-07-30 15:36:00,,,,,,,,,,-0.5407824606875602,,,,,,,,,,,,,,,,,,,,
2018-07-30 15:40:00,,,0.26900053869795415,,,,,,,,,,,,,,,,,,,,,,,,,,,
2018-07-30 15:45:00,,,-0.08362800498059864,,,,,,,,,,,,,,,,,,,,,,,,,,,
2018-07-30 16:00:00,,,-0.599940467186689,,,,,,,,,,,,,,,,,,,,,,,,,,,
2018-07-30 16:04:00,,,,,,,,,,,,,,,,,,,,,,,,,,,-0.5058927870712695,,,
2018-07-30 16:06:00,,,,,,,,,,,,,,,,,,,,,,,,,,,-0.28313081613125246,,,
2018-07-30 16:27:00,,,,,,,,,,,,,,,,,,,,,,,,-0.8951017513902408,,,,,,
2018-07-30 16:30:00,,,,,,,,,,,,,,,,,,,,,,0.42649942962276643,,,,,,,,
2018-07-30 16:31:00,,,,,,,,,,,,,,,,,,,,,,,,0.4332306844500524,,,,,,
2018-07-30 16:35:00,,,,,,,,,,,,,,,,,,,,,,-0.4827242574495083,,,,,,,,
2018-07-30 17:14:00,0.04508219834117644,,,,,,,,,,,,,,,,,,,,,,,,,,,,,
2018-07-30 17:15:00,0.6456248799422764,,,,,,,,,,,,,,,,,,,,,,,,,,,,,
2018-07-30 17:17:00,,,,,,,,,,-0.8216729598630348,,,,,,,,,,,,,,,,,,,,
2018-07-30 17:26:00,,,,,,,,,,-0.6058250053555954,,,,,,,,,,,,,,,,,,,,
2018-07-30 18:06:00,,,,,,,,,,,,,,,,,,,,,,,,,-0.14390280498815944,,,,,
2018-07-30 18:08:00,,,,,,,,,,0.5410514085341558,,,,,,,,,,,,,,,,,,,,
2018-07-30 18:24:00,,,,,,,0.7720200689244456,,,,,,,,,,,,,,,,,,,,,,,
2018-07-31 07:41:00,,,,,,,,,,,,,,,,,0.030778542764998917,,,,,,,,,,,,,
2018-07-31 08:43:00,,,0.6776459905727947,,,,,,,,,,,,,,,,,,,-0.08896626755550763,,,,,,,,
2018-07-31 09:03:00,,,-0.47719142613583165,,,,,,,,,,,,,,0.9684470961481655,,,,,,,-0.44575091330552685,,,,,,
2018-07-31 09:04:00,,,-0.590053125865396,,,,,,,,,,,,,,,,,-0.31267511664192815,,,,,,,,0.9508948289952406,,
2018-07-31 09:08:00,,,-0.6155509965629531,,,,,,,,,,,,,,,,,,,-0.9788343241917017,,0.3471985746209161,,,,,,
2018-07-31 09:17:00,-0.7847918601051493,,,,,,,,0.583707350279006,,,,,,,,,,,,,,,,,,,,,0.41663476857380477
2018-07-31 09:20:00,,,-0.4588736948031569,,,,,,,,,,,,,,-0.8745492431611279,,,,,-0.44375947104615654,,0.9643880619771832,,,,,,-0.34796533253970785
2018-07-31 09:31:00,,,,,,,,,,,,,,,,,0.09828847931122908,,,,,,,,,,,,,
2018-07-31 09:34:00,,,,,,,,,,,,,,,,,-0.38760256744332944,,,,,,,-0.030450684764891323,,,,,,
2018-07-31 09:40:00,,,0.5364541117111361,,,,,,,,,,,,,,-0.7343110395088532,,,,,,,0.2628648205299382,,,,,,
2018-07-31 09:43:00,,,,,,,,,,0.7342591426485039,,,,,,,,,,,,,,,,,,,,
2018-07-31 09:44:00,,,,,,,,,,-0.7312655858946089,,,,,,,,,,,,,,,,,,,,
2018-07-31 09:51:00,,,-0.5225224596154936,,,,,,,,,,,,,,0.6563147629822035,,,,,,,0.49400809175556715,,,,,,-0.020621990354623643
2018-07-31 09:54:00,,,,,,,,,,,,0.9241510305623213,,,0.686103129972758,,,,,,,,,,,,,,,
2018-07-31 09:58:00,,,-0.05119643120962758,,,,,,,,,,,,,,,,,,,,,,,,,,,
2018-07-31 10:00:00,,,0.44150438410277437,,,,,,,,,,,,,,-0.14470830809750312,,,,,,,-0.03679514133419137,,,,,,
2018-07-31 10:05:00,,,,,,,,,,,,,,,,,,,,-0.007487403873159382,,,,,,,,,,
2018-07-31 10:06:00,,,,,,,,,,,,,,,,,,,,-0.0865164850274498,,,,,,,,,,
2018-07-31 10:29:00,,,,,,,,,,,,,,,,,,,,,,,,,,,,,,-0.3707517760498553
2018-07-31 10:32:00,0.6266816288494921,,,,,,,,,,,,,,,,,,,,,,,,,,,,,
2018-07-31 12:02:00,,,,,,,,,-0.7468671881455733,,,,,,,,,,,,,,,,,,,,,
2018-07-31 13:03:00,,,,,,,,,0.06437461243891873,,,,,,,,,,,,,,,,,,,,,
2018-07-31 13:04:00,,,,,,,,,0.9174449139348948,,,,,,,,,,,,,,,,,,,,,
2018-07-31 13:15:00,,,,,,,,,,,,,,,,,,,,,,-0.5653900431850944,,,,,,,,
2018-07-31 13:35:00,,,,,,,,,,,,,,,,,,,,,,,,,,,0.7811297852589003,,,
2018-07-31 13:44:00,,,,,,,,,0.5472570474765168,,,,,,,,,,,,,,,,,,,,,
2018-07-31 13:56:00,,,,,,,,,,,,,,,,,,,,,,,,,,,,,,0.15265571995681326
2018-07-31 13:59:00,,,,,,,,,,,,,,,,,,,,,,,,,,,,,,-0.4374044528143688
2018-07-31 14:47:00,,,,,,,,,,,,,,,,,,,,,,,,,,,-0.11324239198657393,,,
2018-07-31 14:56:00,0.132489758159555,,,,,,,,,,,,,,,,,,,,,,,,,,,,,
2018-07-31 14:58:00,-0.1518032091411743,,,,,,,,,,,,,,,,,,,,,,,,,,,,,
2018-07-31 15:17:00,,,,,,,,,,,-0.9016554647597843,,,,,,,,,,,,,,,,,,,
2018-07-31 15:18:00,,,,,,,,,,,0.060921837898611164,,,,,,,,,,,,,,,,,,,
2018-07-31 15:25:00,,,,,,,,,,,,,,,,,,,,,,,,,,,,,,-0.8226463983266543
2018-07-31 16:16:00,0.9959742327034742,,,,,,,,,,,,,,,,,,,,,,,,,,,,,
2018-07-31 16:17:00,0.37943927235431163,,,,,,,,,,,,,,,,,,,,,,,,,,,,,
2018-07-31 16:28:00,,,0.2909323201940215,,,,,,,,,,,,,,,,,,,,,,,,,,,
2018-07-31 16:38:00,,,,,,,,,-0.9919674518441628,,,,,,,,,,,,,,,,,,,,,
2018-07-31 16:40:00,,,,,,,,,0.6739958606395189,,,,,,,,,,,,,,,,,,,,,
2018-07-31 16:42:00,,,,,,,,,,-0.7464775880232952,,,,,,,,,,,,,,,,,,,,
2018-07-31 17:00:00,,,,,,,,,,,,,,,,,,,,,,,,,,,,,,0.6014963555654238
2018-07-31 17:28:00,,,,,,,,,,,,,,,,,,,,,,,,,,,,,,0.7907472843902235
2018-07-31 17:32:00,,,,,,,,,-0.2091706785073515,,,,,,,,,,,,,,,,,,,,,
2018-07-31 17:41:00,0.10839306934814896,,,,,,,,,,,,,,,,,,,,,,,,0.6838350287600417,-0.163539429544995,,,,
2018-07-31 17:43:00,,,,,,,0.8308380783172806,,0.07616898773703884,0.6293768885251767,,,,,0.6055243320127675,,,,,,,,,,,,0.19863495825928323,,,
2018-07-31 17:45:00,,,,,,,-0.1536710778559447,,0.8911901081012588,-0.9225634293308242,,,,,-0.9350566358521935,,,,,,,,,,,,0.3863327066953135,,,
2018-07-31 17:50:00,,,,,,,,,,,-0.2532389382468616,,,,,,,,,,,,,,,,,,,
2018-07-31 18:08:00,,,,,,,,,,0.4968249317471627,,,,,,,,,,,,,,,,,,,,
2018-07-31 18:10:00,,,,,,,,,,,,,,,,,,,,,,-0.6687747199886489,,,,,,,,
2018-07-31 18:12:00,,,,,,,,,,,,,,,,,,,,,,,,,,,,,,0.40719926329252143
2018-07-31 18:14:00,,,,,,,,,,,,,,,,,,,,,,,,,,,,,,-0.3946262056674219
2018-07-31 18:15:00,,,,,,,,,,,,,,,,,,,,,,,,,,,,,,-0.26333248117937236
2018-09-07 06:21:00,,,,,,,,,,,,,,,,,,,,,,-0.849582830303601,,,,,,,,
2018-09-07 06:46:00,,,,,,,,,,,,,,,,,,,,,,,,,-0.3343424883009636,,,,,
2018-09-07 07:14:00,-0.9465185674237864,,,,,,,,-0.85233038746211,,0.28228553832721937,,,,,,,,,,,,,,,,-0.17292739035552507,,,
2018-09-07 07:20:00,,,,,,0.7626199220344347,,,,,,,,,,,,,,,,,,,,,,,,
2018-09-07 08:45:00,,,,,,,,,,,,,,,-0.5201536960273414,,,,,,,,0.45506909627186043,,,,,,,
2018-09-07 08:49:00,,,,,,-0.7270169778210347,,,,,-0.05563874010653547,,,,,,,,,,,,,,,,0.9723276919521955,,,
2018-09-07 08:56:00,,,-0.3842144063651456,,,,0.9701232341625359,,,,,,,,0.4191300500344719,,,,,,-0.6053779090730855,-0.09172946834936546,-0.9815425276626151,,,,,,,
2018-09-07 09:08:00,,,,,,,,,,,,,,,0.5106207735478987,,,,,,,,,,,,,,,
2018-09-07 09:12:00,0.5739087727326933,,,,,-0.2520840523533645,,,-0.9526387947019468,,-0.8953101650123907,,,,,,,,,-0.17430723200681253,,,,,,,0.5465957047431431,,,
2018-09-07 09:19:00,-0.6809229753034947,,,,,-0.2550549670214115,,,-0.460810666727387,,,,,,0.4812158552805592,,-0.07017361830530411,,,,,,,,,,,,,
2018-09-07 09:28:00,-0.14614955251894735,,,,,-0.35858368913523364,,,0.6290143997335294,,0.22321229106642737,,,,,,0.4633609976201152,,,,0.9984395031165472,,0.7148063550205739,,,,0.4750517923674824,,,
2018-09-07 09:35:00,,,,,,,,,,,,,,,,,,,,,,0.6099938573902284,,,,,,,,
2018-09-07 09:41:00,,,0.8750782007715925,,,,0.5717753778498207,,,,,,,,,,,,0.6724460797148379,,-0.8491011027470667,0.37726010165749524,,,,,,,,
2018-09-07 09:47:00,0.013138258496617317,,-0.12245685109357352,,,0.7939451884430178,0.43893624710595724,,0.1197599475891642,-0.25107110932071586,-0.6345627750478324,,,,0.11017915010412271,,,,,,,0.1339279096981354,-0.6193809871114226,,,,,,-0.29155789876108584,0.5712528961766536
2018-09-07 09:53:00,,,,,,-0.9887780866512896,,,,,,,,,,,,,,,,,,,,,,,,
2018-09-07 09:55:00,,,0.040063937690432594,,,,,,,,,,,,,,,,,,,,,,,,,,,
2018-09-07 10:05:00,,,,,,,,,,,,,,,-0.19985337924436042,-0.26870920418762245,,,,,,,,,,-0.8479152356120923,,,,
2018-09-07 10:06:00,,,,,,,,,,-0.18421204231547406,,,,,,,,,,,,,,,,,,,,
2018-09-07 10:56:00,,,,,,,,,0.76885361298429,,,,,,-0.027697012449067193,,,,0.8917661201708968,0.8701124604323669,,,,0.5725532431693041,,,,,,-0.6043874499332349
2018-09-07 11:10:00,,,,,,,,,,,,,,,,,,,,,,,,,,,,,0.3986030662361717,
2018-09-07 13:23:00,,,,,,,,,-0.5493808782059573,,0.6163540287624585,0.03175766739651853,,,,0.931788361555614,0.6130245244099499,,,,,,,,,,,,,
2018-09-07 14:11:00,,,,,,,,,,,,,,,,,,,,,0.42647647497889185,,,,,,,,,
2018-09-07 14:33:00,,,,,,,,,,,,,,,,,,,,,,,,,,,,,-0.9421566429856822,
2018-09-07 14:51:00,,,-0.3950064582080177,,,,,,,,,,,,,,,,-0.15723184303662574,,,,-0.9882513731389135,0.8434658901915986,,,,,,
2018-09-07 15:29:00,,,,,,-0.961330595654154,,,,,,,,,,,,,,,,,,,,,,,,
2018-09-07 16:11:00,,,,,,,,,,,,,,,,,,,,,,,0.8824954141908166,,,,,,,
2018-09-07 17:10:00,0.881000404640732,,,,,,,,,,,,,,,,,,,,,,,,,,,,,
2018-09-07 17:11:00,0.03145606406234258,,,,,,,,,,,,,,,,,,,,,,,,,,,,,
2018-09-07 17:40:00,-0.09340496708458312,,,,,,,,,,,,,,,,,,,,,,,,,,,,,
2018-09-07 17:45:00,,,,,,,,,,,,,,,,,,,,,,,,,,,,,0.24340193167507218,
2018-09-07 17:47:00,,,,,,,,,,0.5758830732895404,,,,,,,,,,,,,,,,,,,,
2018-09-07 18:02:00,,,,,,,,,,,,,,,,,,,,,,,,,,,,,-0.5939072241096617,
2018-09-07 18:04:00,,,,,,,,,,,,,,,,,,,,,,,,,,,,,,-0.9148157677710793
2018-09-07 19:00:00,,,,,,,,,,,,,,,,,,,,,,,,,,-0.5414998168916945,,,,
2018-10-07 07:06:00,,,,,,,,,,0.7842501846559624,,,,,,,,,,,,,,,,,,,,
2018-10-07 08:36:00,,,,-0.8913907375714065,,,,,,,,,,,,,,,,,,,,,,,,,,
2018-10-07 08:49:00,,,,,,,0.1453701164194674,,,,,,,,,,,,,,,,0.3147510514432883,,,,,0.6535220087912907,,
2018-10-07 08:50:00,,,,,,,-0.5469008811703158,,,,,,,,,,,,,,,,0.7008889528451103,,,,,-0.7522128159389814,,
2018-10-07 08:53:00,,,,,,,,,,-0.511932853724629,,,,,,,,,,,,,0.29220647398850796,,,,,,0.472646148006727,
2018-10-07 09:00:00,,,,,,,,,,,,,,,,,,,,,,,,,,,,0.4987140216425896,,
2018-10-07 09:06:00,,,,,,,,,,,,,,,,,,,,,,,,,,,-0.2938105095754211,,,0.6260212270957382
2018-10-07 09:28:00,,,,,,,,,0.6746526060276017,,,,,,,,0.1573445018363293,,,,,,,,,,,,,
2018-10-07 09:34:00,,,,,,,,,,0.6814034745504507,,,,,,,,,,,,,,,,,,,,
2018-10-07 09:48:00,,,,,,,,,,-0.1871704972767836,,,,,,,,,,,,,,,,,,,,
2018-10-07 10:44:00,,,,,,,,,,,,,,,,,,,,,,,,,,,,-0.12449708340875398,,
2018-10-07 11:40:00,,,,,,,,,,,,,0.6665083607295361,,,,,,,,,,,,,,,,,
2018-10-07 13:02:00,,,,,,,,,0.3123367149145875,,,,,,,,,,,,,,,,,,,,,
2018-10-07 13:15:00,,,,,,,,,,,,,,,,,-0.3135330171868074,,,,,-0.6594307047451844,,,,,,,,
2018-10-07 14:09:00,,,,,,,,,,,,,,,,,,,,,,,-0.3085261303736893,,,,,,,
2018-10-07 14:10:00,,,,,,,,,,,,,,,,,,,,,,,0.25758269347769464,,,,,,,
2018-10-07 14:11:00,,,,,,,,,,,,,,,,,,,,,,,-0.7384574774043814,,,,,,,
2018-10-07 14:52:00,,-0.005579023204337119,,,,,,,,,,,,,,,,,,,,,,,,,,,,
2018-10-07 15:34:00,,,,,,,,-0.2237474164289195,,,,,,,,,,,,,,,,,,,,,,
2018-10-07 16:06:00,0.9283000073804142,,,,,,,,,,,,,,,,,,,,,,,,,,,,,
2018-10-07 16:12:00,-0.0802406005336429,,,,,,,,,,,,,,,,,,,,,,,,,,,,,
2018-10-07 16:42:00,-0.5597480049069368,,,,,,,,,,,,,,,,,,,,,,,,,,,,,
2018-10-07 16:43:00,-0.2577690971066784,,,,,,,,,,,,,,,,,,,,,,,,,,,,,
2018-10-07 17:34:00,,,,,,,,,-0.2261180082740759,-0.9906208397771457,,,,,,,,,,,,,,,,,,,,
2018-10-07 17:57:00,,,,,,,,,-0.8765453106752943,,,,,,,,,,,,,,,,,,,,,
2018-10-07 18:10:00,,,,,,,,,,,,,,,,,,,,,,-0.4384478590343637,,,,,,,,
2018-10-07 18:49:00,,,,,,0.8921968736176409,,,,,,,,,,,,,,,,,,,,,,,,
2018-10-07 18:51:00,,,,,,-0.7062465771422597,,,,,,,,,,,,,,,,,,,,,,,,
2018-11-07 06:14:00,,,,,,,,,,-0.6210511621878398,,,,,,,,,,,,,,,,,,,,
2018-11-07 06:16:00,,,,,,,,,,0.7173202568167993,,,,,,,,,,,,,,,,,,,,
2018-11-07 07:04:00,,,,,,,,,,,,,,,,,,,,,,,0.6966367251804131,,,,,,,
2018-11-07 07:08:00,,,,-0.47145973830830545,,,,,,,,,,,,,,,,,,,,,,,,,,
2018-11-07 08:06:00,,,,,,-0.4940374395362561,,,,,,,,,,,,,,,,,,,,,,,,
2018-11-07 08:08:00,,,,,,0.8502066332136848,,,,,,,,,,,,,,,,,,,,,,,,
2018-11-07 08:13:00,,,,,,,,,,,,,,,,,-0.9258449078370683,,,,,,,,,,,,,
2018-11-07 08:15:00,,,,,,,,,,,,,,,,,0.30732837383171496,,,,,,,,,,,,,
2018-11-07 08:16:00,,,,,,,,,,,,,,,,,0.09258528337170413,,,,,,,,,,,,,
2018-11-07 08:58:00,,,,,,,,,,,,,,,,,-0.7489465236911139,,,,,,-0.6651704582665625,,,,,,,
2018-11-07 09:06:00,,,,-0.1731853070560776,,-0.5365243150240193,,,,,,,,,,,0.40965771030701714,,,,,,-0.6853448902222665,,,,,,,
2018-11-07 09:08:00,,,,,,,,,,,,,,,,,-0.5562593624826899,,,,,,-0.2859013229773739,,,,,,,
2018-11-07 09:09:00,,,,,,-0.48523781960510437,,,,,,,,,,,-0.24208795925212767,,,,,,0.6727618219551323,,,,,,,
2018-11-07 09:21:00,,,,,,,,,,,,,,,,,-0.23020607276394833,,,,,,,,,,,,,
2018-11-07 09:23:00,,,-0.02009461234326948,,,,,,,,,,,,,,,,,,,,,,,,,,,
2018-11-07 09:34:00,,,,,,,,,,,,,,,,,0.6056107748650663,,,,,,-0.22266212518680883,,,,,,,
2018-11-07 09:36:00,,,,,,,,,,,,,,,,,-0.36112289721460455,,,,,,-0.8802175896508784,,,,,,,
2018-11-07 09:41:00,,,,-0.9477689811154055,,,,,,,,,,,,,,,,,,,,,,,,,,
2018-11-07 09:46:00,,,,,,,,,,,,,,,,,0.18813026798784493,,,,,,0.8828434583307334,,,,,,,
2018-11-07 10:00:00,,,,,,,,,,,,,,,,,,,,,-0.39768280342681095,,,,,,,,,
2018-11-07 10:04:00,,,,,,,,,,,,,,,,,-0.8520034737769575,,,,,,0.0969116138205981,,,,,,,
2018-11-07 10:09:00,,,,,,,,,,,,,,,,,-0.8483711717837343,,,,,,-0.4370087558460838,,,,,,,
2018-11-07 10:31:00,,,,,,,,,,,,,,,,,,,,-0.38850948892555337,,,,,,,,,,
2018-11-07 10:39:00,,,,,,,,,,,,,,,,0.13340435730571754,,,,,,,,,,,,,,
2018-11-07 10:43:00,,,,,,,,,,,,,,,,-0.7365138028362948,,,,,,,,,,,,,,
2018-11-07 11:52:00,,,,,,,,,,,,,,,,,,,,,-0.6852480278537645,,,,,,,,,
2018-11-07 13:01:00,,,,,,,,,-0.4112272023053527,,,,,,,,,,,,,,,,,,,,,
2018-11-07 13:02:00,,,,,,,,,0.13055406155152427,,,,,,,,,,,,,,,,,,,,,
2018-11-07 13:15:00,,,,,,,,,,-0.057248631341052736,,,,,,,,,,,0.5248771746237393,,,,,,,,,
2018-11-07 13:16:00,,,,,,,,,,,,,,,,,,,,,,-0.9912871801168264,,,,,,,,
2018-11-07 14:59:00,,,,,,,,,,,,,,,,,,,,,,,,,,,,,0.9128981442757544,
2018-11-07 16:39:00,,,,,,,,,,,,,,,,,,,,,,,-0.594721766206143,,,,,,,
2018-11-07 16:42:00,-0.6529206466329216,,,,,,,,,,,,,,,,,,,,,,,,,,,,,
2018-11-07 16:47:00,,,,,,,,,,,,,,,,,,,,,,,,,,,-0.44507989162625283,,,
2018-11-07 17:25:00,0.28997208336139235,,,,,,,,,,,,,,,,,,,,,,,,,,,,,
2018-11-07 17:26:00,-0.504401959377458,,,,,,,,,,,,,,,,,,,,,,,,,,,,,
2018-11-07 17:27:00,0.10981691560491591,,,,,,,,,,,,,,,,,,,,,,,,,,,,,
2018-11-07 17:28:00,-0.47956365682450164,,,,,,,,,,,,,,,,,,,,,,,,,,,,,
2018-11-07 17:53:00,,,,0.8185464132771827,,,,,,,,,,,,,,,,,,,,,,,,,,
2018-11-07 17:56:00,,,,,,,,,,,,,,,-0.9101356955836637,,,,,,,,,,,,,,,
2018-11-07 18:02:00,-0.3654987656869515,,,,,,,,-0.21554178565154003,,,,,,,,,,,,,,,,,,,,,
2018-11-07 18:10:00,0.8018279310200762,,,,,,,,,,,,,,,,,,,,,,,,,,,,,
2018-11-07 18:29:00,,,,,,,,,,,,,,,,,,,,,,,,,,,,,-0.8415962900557639,
2018-11-07 18:42:00,,,,,,,,,,,,,,,,,,,,,,,,,,,,,-0.43949249254740774,
2018-11-07 18:43:00,,,,,,,,,,,,,,,,,,,,,,,,,,,,,0.3547065351765879,
2018-11-07 18:49:00,,,,,,,,,,,,,,,,,,,,,,,,,,,,,0.5041046842302785,
2018-12-07 06:31:00,0.9916611439765124,,,,,,,,,,,,,,,,,,,,,,,,,,,,,
2018-12-07 08:50:00,-0.6483839674997665,,,,,,,,,,,,,,,,,,,,,,,,,,,,-0.7460190067289827,
2018-12-07 09:02:00,,,0.5633610718195652,,,,-0.3128307221077191,,,,,,,,,,,,,,,,0.5882469288157284,,,,,-0.7339130186162359,,
2018-12-07 09:07:00,0.03837667984238302,,,,,,,,,,,,,,,,,,,,,,,,,,0.05129386913410294,,,
2018-12-07 09:11:00,,,,,,,,,,,,,,,,,,,,,,,,,0.11192099459568383,,,,,
2018-12-07 09:15:00,,,-0.007252481185833881,,,,,,,,,,,,,,,,,,,,,,,,,,,
2018-12-07 09:26:00,0.14410054399701422,,,,,,,,,,,,,,,,,,,,,,,,,,,,,
2018-12-07 09:35:00,-0.04201277261015135,,,,,,,,,,,,,,,,,,,,,,,,,,,,,
2018-12-07 09:42:00,,,,,,,,,,,,,,,,,,,,,,-0.044795666845449,,,,,,,,
2018-12-07 09:44:00,,,,,,,,,,,,,,,0.6305981168213899,,,,,,,,,,,,,,,
2018-12-07 09:48:00,,,,,,,,,,,,,,,,-0.06923689679592404,,,,,,,,,,,,-0.30541662656458723,,
2018-12-07 09:53:00,,,,,,,,,,,,,,,,,,,,,,-0.778099413293416,,,,,,,,
2018-12-07 09:54:00,0.06967492494230232,,,,,,,,,,,,,,,,,,,,,,,,,,,,,
2018-12-07 10:06:00,-0.31308950773276867,,,,,0.3923601739380107,0.33503526665835603,,0.20216509252293302,0.9651904594790959,0.15533638042000342,,,,,,,,0.17792497938716423,,,,0.5985253759060953,,,,,,-0.38374451498951223,-0.22528884487374312
2018-12-07 10:12:00,,,,,,,,,,,,,,,,,,,,,,,,,,,-0.3772833600870875,,,
2018-12-07 11:03:00,,,,,,,,,0.16835593974111007,,,,,,,,,,,,,,,,,,,,,
2018-12-07 11:15:00,-0.789112536869099,,,,,,,,,,,,,,,,,,,,,,,,,,,,,
2018-12-07 11:19:00,,,,-0.7216597194954872,,,,,,,,,,,,,,,,,,,,,,,,,,
2018-12-07 11:49:00,,,,,,,,,0.6360023783665623,,,,,,,,,,,,,,,,,,,,,
2018-12-07 12:22:00,,,,,,,,,,,,,,,,,,,,,,,-0.932176826882205,,,,,,,
2018-12-07 12:46:00,,,,,,,,,-0.10992268790606974,,,,,,,,,,,,,,,,,,,,,
2018-12-07 13:02:00,,,,,,,,,-0.7000614976646846,,,,,,,,,,,,,,,,,,,,,
2018-12-07 13:13:00,,,,,,,,,-0.5537361074287779,,,,,,,,,,,,,,,,,,,,,
2018-12-07 13:16:00,-0.2687481097848088,,,,,,,,0.815689875645927,,,,,,,,,,,,,,,,,,,,,
2018-12-07 14:15:00,,,,,0.7152295839516765,,,,,,,,,,,,,,,,,,,,,,,,,
2018-12-07 15:16:00,,,,,,,,,,,-0.45509603719213043,,,,,,,,,,,,,,,,,,,
2018-12-07 15:26:00,,,,,,,,,,,,,,,,,,,,,,,,,,,-0.13029085747010205,,,
2018-12-07 15:53:00,,,,,,,,,,,,,,,,,,,,0.8441322841371377,,,,,,,,,,
2018-12-07 15:54:00,,,,,,,,,,,,,,,,,,,,-0.9875811450388745,,,,,,,,,,
2018-12-07 16:05:00,0.14289506779779182,,,,,,,,,,,,,,,,,,,,,,,,,,,,,
2018-12-07 16:06:00,0.3106767443531495,,,,,,,,,,,,,,,,,,,,,,,,,,,,,
2018-12-07 16:33:00,,,,,,,,,,,,,,,,,,,,,,-0.504555768710184,,,,,,,,
2018-12-07 16:35:00,0.6157494187830492,,,,,,,,,,,,,,,,,,,,,,,,,,,,,
2018-12-07 18:11:00,,,,,,,,,,,,,,,,,,,,,,-0.7593339818861649,,,,,,,,
2018-12-07 18:26:00,,,,,,,,,,-0.5174291483984197,,,,,,,,,,,,,,,,,,,,
2018-12-07 19:37:00,,,,0.8573325139109671,,,,,,,,,,,,,,,,,,,,,,,,,,
